Date,Close_AAPL,High_AAPL,Low_AAPL,Open_AAPL,Volume_AAPL,Firm_aapl,ToGrade_aapl,FromGrade_aapl,Action_aapl,Close_MSFT,High_MSFT,Low_MSFT,Open_MSFT,Volume_MSFT,Firm_msft,ToGrade_msft,FromGrade_msft,Action_msft,Close_NVDA,High_NVDA,Low_NVDA,Open_NVDA,Volume_NVDA,Firm_nvda,ToGrade_nvda,FromGrade_nvda,Action_nvda,Close_AVGO,High_AVGO,Low_AVGO,Open_AVGO,Volume_AVGO,Firm_avgo,ToGrade_avgo,FromGrade_avgo,Action_avgo,Close_ORCL,High_ORCL,Low_ORCL,Open_ORCL,Volume_ORCL,Firm_orcl,ToGrade_orcl,FromGrade_orcl,Action_orcl,Close_PLTR,High_PLTR,Low_PLTR,Open_PLTR,Volume_PLTR,Firm_pltr,ToGrade_pltr,FromGrade_pltr,Action_pltr,Close_CRM,High_CRM,Low_CRM,Open_CRM,Volume_CRM,Firm_crm,ToGrade_crm,FromGrade_crm,Action_crm,Close_CSCO,High_CSCO,Low_CSCO,Open_CSCO,Volume_CSCO,Firm_csco,ToGrade_csco,FromGrade_csco,Action_csco,Close_IBM,High_IBM,Low_IBM,Open_IBM,Volume_IBM,Firm_ibm,ToGrade_ibm,FromGrade_ibm,Action_ibm,Close_NOW,High_NOW,Low_NOW,Open_NOW,Volume_NOW,Firm_now,ToGrade_now,FromGrade_now,Action_now,Close_NASDAQ,Close_SP500
2023-05-01,167.89678955078125,168.74820381228082,166.9562774855819,167.58988704485296,52472900,B of A Securities,Neutral,,main,300.77630615234375,303.76872187468587,300.37272129835924,302.1642355165898,21294100,,,,,28.891237258911133,29.039141923615947,27.76197146754515,27.82193199383704,570329000,,,,,61.802345275878906,61.90309689828421,60.664047436988774,60.693112892375844,17030000,,,,,92.49514770507812,93.33362015346003,92.3293976157673,92.42690029362424,5459800,,,,,7.78000020980835,7.820000171661377,7.659999847412109,7.75,19134200,,,,,196.38282775878906,197.63387325743147,195.71759625326823,196.35304240408152,2882900,,,,,44.57296371459961,44.74244295087668,44.37523913618541,44.44114732899014,13122300,,,,,116.58039855957031,117.19062531993357,116.55266226209784,116.82079156098544,2725000,,,,,450.4100036621094,456.30999755859375,449.29998779296875,456.30999755859375,1424100,,,,,12212.599609375,4167.8701171875
2023-05-02,166.8572540283203,168.64919529149472,165.86723824171088,168.39178151885335,48425700,Baird,Outperform,,main,300.628662109375,304.3396301187959,299.15214533599857,302.9418777289602,26404400,,,,,28.19169044494629,28.81728552032771,28.0647739674423,28.661386629023887,402730000,,,,,59.32134246826172,60.69311372391027,58.61220447580921,60.62142386036561,28357000,,,,,92.4269027709961,92.85588332374297,91.50067937539882,92.55364584183333,5995100,,,,,7.590000152587891,7.909999847412109,7.429999828338623,7.71999979019165,38008000,,,,,192.46092224121094,196.99841626145974,191.55739279753948,196.61119152134776,6051000,,,,,43.650245666503906,44.32816261538454,43.367781468379356,44.168097295020104,20175100,,,,,115.72055053710938,116.91325370819162,113.97308612065645,116.77457221433966,4445300,,,,,443.67999267578125,451.0,439.3900146484375,450.5299987792969,1284300,,,,,12080.509765625,4119.580078125
2023-05-03,165.7781524658203,169.21350870294293,165.49105451372273,167.80768799680482,65136000,,,,,299.6344299316406,303.77851145251077,299.32928557023496,301.81967570546,22360800,,,,,27.783954620361328,28.348588429903444,27.454168889483142,27.821930062469157,383387000,,,,,59.404659271240234,60.25232850021974,59.32716000627385,59.76310122474195,19816000,,,,,92.40739440917969,93.03137285170521,92.17340435283506,92.69013580320059,6744800,,,,,7.559999942779541,7.679999828338623,7.449999809265137,7.619999885559082,24322400,,,,,191.2396697998047,194.39703830276454,191.19002249656577,192.82829260207032,3779900,,,,,43.273624420166016,43.82913890057328,43.17947088452837,43.70673643086262,20765700,,,,,114.1395034790039,116.09961742676244,113.963837913652,115.99791296861507,4554200,,,,,437.0799865722656,446.8999938964844,436.45001220703125,443.5299987792969,1192000,,,,,12025.330078125,4090.75
2023-05-04,164.13470458984375,165.37222427767685,162.669485509253,163.24369645718053,81235400,Canaccord Genuity,Buy,Buy,main,300.628662109375,302.9418777289602,298.65012002031114,301.4456548397933,22519900,,,,,27.544113159179688,27.840919391214324,27.22232162669159,27.63305419552841,321850000,,,,,59.11014938354492,59.478281026541985,58.25085773307743,59.09465027085377,17684000,,,,,92.59264373779297,92.73889031742135,92.04666444148438,92.6023954933442,5038200,,,,,7.380000114440918,7.519999980926514,7.28000020980835,7.46999979019165,29989300,,,,,191.01133728027344,193.1758206241419,189.40285230018574,190.5347412823494,4386500,,,,,43.0288200378418,43.245376027917374,42.89700366055465,43.094728226485365,17748900,,,,,113.32586669921875,114.20421562464267,112.57695851956275,113.75117301445498,4468200,,,,,430.510009765625,442.5400085449219,428.9700012207031,439.05999755859375,1658800,,,,,11966.400390625,4061.219970703125
2023-05-05,171.83709716796875,172.5598046719848,169.0551393113796,169.27294405611536,113316400,"Monness, Crespi, Hardt",Buy,Buy,main,305.78662109375,307.08596307804874,299.50649820945034,300.9338097885406,28181200,,,,,28.661386489868164,28.736336669906983,27.71300300195752,27.80794065911765,361494000,,,,,61.04380416870117,61.17458578120478,59.42112398514631,59.671064723750305,24876000,,,,,94.54256439208984,94.87404964797778,92.45613531559238,92.62187794353635,8062700,,,,,7.409999847412109,7.550000190734863,7.320000171661377,7.440000057220459,45601300,,,,,196.1842498779297,196.70055459991374,191.87513027773483,192.5701471245032,4282800,,,,,43.54667663574219,43.65024768457924,43.235963489231025,43.424274160595914,14315100,,,,,114.32441711425781,114.74047565187308,113.54776557565319,113.82514263672448,4970800,,,,,434.79998779296875,439.6700134277344,431.54998779296875,433.0,1302600,,,,,12235.41015625,4136.25
2023-05-08,171.7677764892578,172.11428813282294,170.3916548495959,170.7579559365768,55962800,,,,,303.81787109375,305.3436228273613,301.2979520150605,305.2747115147881,21318600,,,,,29.132076263427734,29.201031717397843,28.33159752844978,28.503484856309754,344979000,,,,,60.94111251831055,61.10289974671752,60.119600439450544,61.010865914600586,13934000,,,,,94.3670883178711,94.84482022456115,94.0258512416639,94.64982973484572,5314800,,,,,7.739999771118164,7.855000019073486,7.590000152587891,7.639999866485596,105304000,,,,,196.49205017089844,199.0735587383209,194.68500629388797,197.30622361839826,4169400,RBC Capital,Outperform,,reit,43.63141632080078,43.80089556609934,43.39602887918915,43.725569860754504,12000000,,,,,114.09327697753906,114.57405591020645,113.3073846749523,114.42612664399803,3663800,,,,,438.989990234375,439.57000732421875,429.04998779296875,436.8999938964844,1446600,,,,,12256.919921875,4138.1201171875
2023-05-09,170.05502319335938,171.80734033421783,169.88672231518646,171.32224224608487,45326900,,,,,302.1936950683594,305.1861101016797,301.514495109484,303.1780393519697,21340800,,,,,28.552453994750977,28.954193487526783,28.43153415102666,28.880242114895676,314869000,,,,,59.91907501220703,60.45770801961441,59.66234922874209,60.32789093110649,16990000,,,,,93.73336029052734,94.46458580190865,93.69436070397774,93.79185595114647,6333500,,,,,9.550000190734863,9.6899995803833,8.654999732971191,9.220000267028809,223573300,Goldman Sachs,Neutral,,main,199.7487030029297,202.35007338521692,195.380012745246,195.380012745246,6996800,,,,,43.753814697265625,43.80089146283234,43.23595950085085,43.2924537745671,15221900,,,,,113.55906677246094,114.30882002281645,113.08110604678178,114.24321714967361,4540000,,,,,441.3900146484375,445.8399963378906,435.07000732421875,437.2200012207031,1171500,Morgan Stanley,Overweight,,main,12179.5498046875,4119.169921875
2023-05-10,171.82716369628906,172.29247239543182,170.18373361448457,171.29256173687202,53724500,,,,,307.42059326171875,308.09979329228884,302.85325092434726,303.78836006860274,30078000,,,,,28.866256713867188,29.09410940481763,28.442532061514786,28.986177778285665,369350000,Truist Securities,Buy,Buy,main,60.67082595825195,60.83842257698985,59.89581493537225,60.262978324524994,19174000,,,,,95.07880401611328,95.23480234830396,93.8503506229563,94.36708208112057,5935300,,,,,9.9399995803833,10.300000190734863,9.460000038146973,9.729999542236328,149375000,Citigroup,Sell,Sell,main,203.39260864257812,204.81242769066716,201.59547309151566,203.4819647049968,6535600,,,,,43.97978591918945,44.1869280039278,43.45252038236762,43.970372002486386,15625100,,,,,114.3556900024414,114.79616955804012,113.49347865753802,114.32757550317814,4189200,,,,,454.1400146484375,459.989990234375,446.25,449.17999267578125,1537700,,,,,12306.4404296875,4137.64013671875
2023-05-11,172.0152587890625,172.8468685009711,170.45103188917147,172.11426641943214,49514700,,,,,305.2550354003906,306.24923288297435,301.46533339371814,305.2452123832041,31680200,Wedbush,Outperform,Outperform,main,28.559452056884766,28.93121227658871,28.227668698313387,28.877246468531435,322149000,Rosenblatt,Buy,Buy,reit,60.806453704833984,60.884924889089355,59.86869090174826,60.700860922139775,14430000,,,,,95.00081634521484,95.18605507458908,93.92834636163143,95.09831158779237,5144500,,,,,9.880000114440918,10.159000396728516,9.710000038146973,10.140000343322754,73754100,,,,,202.0224151611328,202.35006919621068,197.1374202885936,201.46640170169053,5366300,,,,,43.65966033935547,44.11160378252588,43.49959860794661,44.09277594848842,12521900,,,,,113.30603790283203,114.56186647135517,112.9780235118131,114.35568395409258,3446500,,,,,452.57000732421875,455.4599914550781,447.45001220703125,453.989990234375,2018800,,,,,12328.509765625,4130.6201171875
2023-05-12,171.0833740234375,172.5605284867848,169.52689179090092,172.1243165202818,45497800,Bernstein,Market Perform,Market Perform,main,304.1329040527344,305.78659550903757,301.8000125269122,305.68815505667965,19758100,,,,,28.321605682373047,28.761320627980606,28.02779588194695,28.51048218586155,274222000,,,,,61.14358901977539,61.29374637393622,60.47126604458904,60.8752407692577,11942000,,,,,95.40055084228516,95.46879825719736,94.50358269246459,95.16656076807334,4994700,,,,,9.5,10.010000228881836,9.470000267028809,9.859999656677246,62031700,,,,,200.37423706054688,202.50895015391592,198.70619655338996,201.982706856767,4733000,,,,,43.97978591918945,44.07394304485556,43.57491925814292,43.57491925814292,14094800,,,,,115.12417602539062,115.1429237903915,113.50284471150367,113.78400398509824,4560500,,,,,455.20001220703125,457.4700012207031,446.6499938964844,453.0,1220900,,,,,12284.740234375,4124.080078125
2023-05-15,170.58767700195312,171.71785564660993,169.9928397669383,171.66828335580215,37266700,,,,,304.6152038574219,305.04831778842316,302.77448467056973,304.26085429922443,16336500,,,,,28.9342098236084,28.950200187469783,28.133730950674487,28.489498915064928,293926000,,,,,61.981563568115234,62.00287577014998,60.88395375120208,61.21333388908225,14614000,,,,,94.82530975341797,95.5077838022108,94.62056753878012,95.42004032668426,4443700,,,,,9.520000457763672,9.600000381469727,9.020000457763672,9.210000038146973,53555500,,,,,201.8834228515625,203.938688083851,201.0394640649736,202.30043296898,4518200,Barclays,Overweight,Overweight,main,44.34699630737305,44.49764413905533,43.838562120275114,44.06453207193473,13204400,,,,,115.61151885986328,115.9207926335825,114.65558304112704,115.27413058856548,2915700,,,,,463.1400146484375,464.6499938964844,452.239990234375,453.29998779296875,1501200,,,,,12365.2099609375,4136.27978515625
2023-05-16,170.58767700195312,171.64845141401116,170.3199987334625,170.50836436212853,42110300,,,,,306.8595275878906,308.7986873456042,304.97942609367624,304.97942609367624,26730300,,,,,29.194040298461914,29.850615404152038,28.81328895261737,28.822281983258687,449405000,,,,,62.140445709228516,62.67036460004679,61.87791423647701,62.045507174107655,14967000,,,,,95.79054260253906,96.37552152769688,94.49383423552534,94.73757607420865,6896500,,,,,9.470000267028809,9.630000114440918,9.350000381469727,9.399999618530273,42311900,,,,,203.1046600341797,204.2067635700316,200.31465414032655,200.49336626224434,4423200,,,,,44.17750930786133,44.56354812512374,44.0645243518265,44.47880851016587,16496300,,,,,115.70523834228516,116.08011500057373,114.75867638889648,115.60214708250136,2748400,,,,,468.239990234375,478.0,461.7699890136719,462.8999938964844,1628500,,,,,12343.0498046875,4109.89990234375
2023-05-17,171.2023468017578,171.44026961578084,168.9518977126324,170.23079334736886,57951600,,,,,309.75982666015625,310.1840128280389,306.54383920821226,308.07292647953415,24315000,,,,,30.15841293334961,30.17939921213159,29.410899219353887,29.56479859708841,432535000,,,,,63.69337844848633,64.02565961788838,62.44463925030105,62.712987503464745,24133000,,,,,97.2724838256836,97.88671798259874,95.96603121979389,96.30726828562999,9436000,,,,,10.25,10.28499984741211,9.460000038146973,9.539999961853027,63834500,,,,,207.890380859375,207.99959887564904,203.34296323214028,205.0308656334591,5772200,B of A Securities,Buy,Buy,main,44.84601593017578,44.96841481253826,44.26225249481059,44.39407247783734,29326000,,,,,117.81390380859375,117.94510955790108,115.71460466949928,116.15508417796408,4515100,,,,,492.9200134277344,494.94000244140625,477.1600036621094,479.489990234375,3217600,Wolfe Research,Outperform,Outperform,main,12500.5703125,4158.77001953125
2023-05-18,173.54200744628906,173.73037308197308,171.0932844370763,171.50966446616422,65496700,,,,,314.21875,314.73174727715974,309.48358041459244,310.28263990581155,27276000,,,,,31.657440185546875,31.807342452955133,30.30032173818178,30.390263479848883,748725000,Susquehanna,Positive,Positive,main,65.67256164550781,65.81399751123007,63.550964530967555,63.550964530967555,26389000,,,,,99.77814483642578,99.8951435843024,97.23348715619518,97.27247930041091,10005700,,,,,11.739999771118164,11.8100004196167,10.390000343322754,10.460000038146973,171402300,,,,,211.80235290527344,212.35836638951778,207.84073410468582,208.00952283024347,5165500,,,,,45.38269805908203,45.429774827604575,43.02882371568283,43.085314401219,41475700,Piper Sandler,Neutral,Neutral,main,118.22627258300781,118.56366084915652,117.32657292333703,117.4296641796701,3797900,,,,,510.1700134277344,512.6099853515625,495.82000732421875,500.0,2860100,Wolfe Research,Outperform,Outperform,reit,12688.83984375,4198.0498046875
2023-05-19,173.65106201171875,174.8704617599002,173.43295602393476,174.8704617599002,55772400,,,,,314.04119873046875,314.44566578774686,312.0977999996557,312.46279877914503,27529500,RBC Capital,Outperform,Outperform,reit,31.24370765686035,31.55950253794087,30.89593395749169,31.515530471475522,473908000,,,,,66.09397888183594,66.35554952428612,65.7219779774799,65.8760082738535,22968000,,,,,100.26563262939453,100.4898783792102,99.36866450695207,99.82690032383749,8558900,,,,,11.710000038146973,12.40999984741211,11.520000457763672,11.970000267028809,148321300,,,,,208.8634033203125,211.72291853070433,208.43645465892962,211.44491179083082,6090800,TD Cowen,Outperform,Outperform,main,46.258338928222656,46.45606350817299,45.57100806097114,45.599253403327715,28561700,,,,,119.26654815673828,120.23184351284978,118.60114552764787,118.82606864800223,4305800,,,,,510.29998779296875,511.7300109863281,502.75,510.0,1700200,,,,,12657.900390625,4191.97998046875
2023-05-22,172.69931030273438,173.20492646986477,171.95577135327312,172.48120433403864,43570900,Bernstein,Market Perform,Market Perform,main,316.8428649902344,318.23382834454407,313.71568867126024,314.29771785830155,24115700,,,,,31.155765533447266,31.499542119934745,30.660087176948643,30.880942499765002,372000000,Wedbush,Neutral,Neutral,main,65.71809387207031,66.32938864120257,65.30637327871652,66.01163095788031,17796000,,,,,99.22241973876953,100.51912804462788,99.18342759222048,99.91465307378434,5890500,,,,,11.84000015258789,12.104999542236328,11.390000343322754,11.619999885559082,76377100,,,,,208.76409912109375,211.3058987193145,207.5527776028748,207.68185756554368,3890800,JMP Securities,Market Perform,Market Perform,reit,45.96645736694336,46.35249261119429,45.91938059895708,46.2395076496818,18667500,Deutsche Bank,Hold,Hold,main,119.49147033691406,120.13813234679401,119.16345596602461,119.49147033691406,2806800,,,,,511.3900146484375,517.0900268554688,506.1700134277344,506.6000061035156,1360900,,,,,12720.7802734375,4192.6298828125
2023-05-23,170.0820770263672,171.8864057178537,169.8044903241909,171.6385593675291,50747300,,,,,311.0028076171875,318.3620609809565,310.99293302124596,315.70838374356634,30797200,Jefferies,Buy,Buy,main,30.66808319091797,31.267694171698214,30.611120976902026,30.979880977168126,356253000,Stifel,Hold,Hold,main,66.50569152832031,67.71567905061085,66.07168687794129,66.90676149337766,36088000,B of A Securities,Buy,,main,96.07328033447266,98.89093528625375,96.00503291980154,98.53994645697075,10047300,,,,,12.640000343322754,13.420000076293945,11.869999885559082,11.949999809265137,148701800,,,,,205.16986083984375,208.1485173648997,205.00107212145159,206.26204095912314,4256800,,,,,46.05119705200195,46.46547763929289,45.759315343305296,45.76873285195235,17645900,,,,,120.12875366210938,120.98159819326537,119.14471053021073,119.24780178453018,4592300,,,,,500.1400146484375,511.7799987792969,499.8500061035156,507.5,1124000,,,,,12560.25,4145.580078125
2023-05-24,170.35963439941406,170.93463964845503,169.05101376120967,169.61609547644804,45143500,,,,,309.6118469238281,312.22605590477934,308.3885711303924,310.47996842062906,23384900,Mizuho,Buy,Buy,main,30.51818084716797,30.58713630992968,29.786655566782457,30.19039269854062,721419000,Citigroup,Buy,Buy,main,65.83047485351562,66.29354133606574,65.4943133621132,66.01550336536137,23021000,,,,,95.85877227783203,96.40475151513878,94.85455727846745,95.49803174552052,6815900,,,,,12.229999542236328,12.430000305175781,11.819999694824219,12.050000190734863,90496900,,,,,207.5726318359375,208.71445920503342,203.95852936767946,204.57411350478333,4894000,,,,,45.58041763305664,46.13593206072216,45.35444414056269,46.088855297372916,15452900,,,,,117.7857894897461,119.86634801786339,117.58898086548867,119.79137126095283,3915500,,,,,502.54998779296875,506.260009765625,494.1300048828125,496.7200012207031,1099000,,,,,12484.16015625,4115.240234375
2023-05-25,171.49977111816406,172.40192036340346,170.21096703266915,170.92476575302507,56058300,,,,,321.51885986328125,322.48560688715077,315.67878902000206,318.87502712507745,43301700,Oppenheimer,Outperform,Outperform,reit,37.955352783203125,39.45437937248708,36.61122438823422,38.497999676577344,1543911000,Deutsche Bank,Hold,Hold,main,70.60357666015625,70.95136435023487,66.9193701205169,67.7563813786328,49263000,Susquehanna,Positive,Positive,main,101.6793441772461,102.04008476873112,96.29752032690361,96.71675657814981,16729600,,,,,12.84000015258789,13.220000267028809,12.34000015258789,13.180000305175781,106557800,,,,,208.41659545898438,210.81937651081284,206.9570525863509,210.51158443499207,6496700,Wedbush,Outperform,Outperform,main,46.164180755615234,46.35249141442554,44.93075294427553,44.97782971104634,21717000,,,,,118.7979507446289,119.23843024073209,117.15787177413732,117.72018313398478,4102900,,,,,531.780029296875,539.7999877929688,517.7999877929688,523.2899780273438,3163300,,,,,12698.08984375,4151.27978515625
2023-05-26,173.91871643066406,174.2557989304357,171.61871039409903,171.82690796374212,54835000,,,,,328.39471435546875,328.89780691493297,319.50637450410005,319.64446830879535,36630600,,,,,38.92072677612305,39.14458044480816,37.5256327431475,37.865412266925354,714397000,Goldman Sachs,Buy,Buy,main,78.73441314697266,78.95238371834104,72.36866136220003,72.4083736771423,82500000,Oppenheimer,Outperform,Outperform,main,101.47460174560547,103.57078299803422,101.42585040361928,101.73783965246376,13994100,,,,,13.649999618530273,14.194999694824219,12.819999694824219,12.84000015258789,127311200,,,,,213.90725708007812,214.61219730930674,211.03781855706785,211.28603993501073,6933300,Citigroup,Neutral,Neutral,main,46.94567108154297,47.16222709290592,46.239508769466156,46.239508769466156,19825600,,,,,120.7941665649414,121.51580536379171,118.84481371502602,119.07911072630881,5612600,,,,,537.4600219726562,549.5599975585938,531.8099975585938,534.6400146484375,2134300,,,,,12975.6904296875,4205.4501953125
2023-05-30,175.77259826660156,177.44804166812344,175.0488913092159,175.43553093054112,55964400,,,,,326.73736572265625,331.20619186335273,326.0566810034036,330.70309932273216,29503100,Deutsche Bank,Buy,Buy,main,40.08496856689453,41.91078253323842,39.92307495310247,40.56865561638492,923401000,,,,,77.82476043701172,89.29881382124799,77.38590709171699,80.90349670120071,116912000,BMO Capital,Outperform,Outperform,main,102.51780700683594,103.32703160309468,101.58183934691645,102.2740651962816,10296700,,,,,14.710000038146973,15.005000114440918,14.239999771118164,14.4399995803833,159089300,,,,,217.31283569335938,220.5595753882975,214.19517595624205,217.70999896733503,10421000,Wells Fargo,Overweight,Overweight,main,47.237552642822266,47.538851888957495,46.83268952549051,47.0680769799795,19074800,,,,,121.34711456298828,121.90006642565623,120.20374390512102,121.42209132911879,3741100,,,,,549.1199951171875,556.5800170898438,544.3699951171875,548.0,1937300,Bernstein,Outperform,Outperform,main,13017.4296875,4205.52001953125
2023-05-31,175.72305297851562,177.80496826079084,175.23726871202743,175.80236562165695,99625300,Wedbush,Outperform,Outperform,reit,323.95550537109375,331.403539726326,322.9097916897827,327.80283457515725,45950600,UBS,Neutral,Neutral,main,37.809444427490234,40.26884571341783,37.79745117886432,39.462370269421555,1002580000,B of A Securities,Buy,Buy,main,78.27232360839844,79.6005023649428,76.54501863575973,77.00711693313264,89998000,Rosenblatt,Buy,Buy,reit,103.28804779052734,103.82427539257077,101.542855267898,101.85484453550482,13713500,,,,,14.710000038146973,14.789999961853027,13.819999694824219,14.1899995803833,130392200,,,,,221.790771484375,223.39924117274495,215.51572774910096,217.98801813882903,19624000,,,,,46.76677322387695,47.10573170032995,46.710282538952896,46.99274673875467,51990300,,,,,120.51300811767578,121.30962368164145,119.45398819347983,120.43803135750862,11590200,,,,,544.780029296875,548.260009765625,533.7899780273438,539.3300170898438,2385800,Wells Fargo,Overweight,Overweight,main,12935.2900390625,4179.830078125
2023-06-01,178.53857421875,178.56831456742498,175.4057930547119,176.16916396782793,68901800,,,,,328.0888977050781,329.02608115085206,320.33505191131786,321.5287039010863,26773900,,,,,39.74419021606445,40.02400727959351,38.31511796351833,38.46401952597585,635873000,,,,,76.527587890625,78.06211117664078,76.06354570743657,77.56125397506452,80792000,,,,,103.33678436279297,103.9412667801833,102.15707479593327,102.25457004043872,7835900,,,,,14.539999961853027,15.220000267028809,14.199999809265137,14.460000038146973,126015100,,,,,211.3853302001953,213.82783535009378,204.5939965886211,206.7386330397176,20907400,Societe Generale,Hold,Buy,down,46.83268737792969,47.16222836241184,46.380740325315095,46.85151521270522,17817000,,,,,121.66575622558594,121.97501568941202,119.75388464708023,120.37243217544115,4136100,,,,,542.9600219726562,550.6199951171875,532.02001953125,534.7999877929688,1479700,,,,,13100.98046875,4221.02001953125
2023-06-02,179.3911590576172,180.21401063542314,177.7157155545107,179.47047169338217,61945900,Morgan Stanley,Overweight,Overweight,main,330.8708190917969,332.94246713059334,328.05929890382134,329.7363544841506,25864000,Evercore ISI Group,Outperform,Outperform,main,39.301475524902344,40.47371455603789,39.032649105745655,40.070976234421984,482731000,,,,,78.6636962890625,79.8039343143333,76.26116380086974,76.59442059614973,62815000,Deutsche Bank,Buy,Buy,main,103.23929595947266,104.09726458174863,103.10280112043809,103.85352273512821,8651600,,,,,14.520000457763672,15.029999732971191,14.15999984741211,14.649999618530273,79328400,,,,,211.51441955566406,214.60229439810715,208.93291091848832,211.38533957873565,11023500,,,,,47.096317291259766,47.31287329523568,46.823267011223,46.9550833969712,19153700,,,,,124.10244750976562,124.75847632510656,121.97502650111548,122.1905900621498,5373900,,,,,548.1799926757812,554.4400024414062,541.280029296875,546.0,1278200,,,,,13240.76953125,4282.3701171875
2023-06-05,178.032958984375,183.35669275593358,176.50621727974132,181.05668691999816,121946500,Wedbush,Outperform,Outperform,reit,331.40362548828125,333.9882414145997,330.1409112149087,330.6933468279165,21307100,,,,,39.14557647705078,39.539317935308446,38.681876946870204,38.88374549804094,396094000,,,,,77.7239990234375,78.39244167395549,76.96641984592068,78.39244167395549,26222000,Wells Fargo,Equal-Weight,Equal-Weight,main,104.25325012207031,104.90647640551776,102.88829446105673,103.23928327212909,7442000,Jefferies,Buy,Buy,main,15.239999771118164,15.699999809265137,14.364999771118164,14.364999771118164,109017800,Jefferies,Hold,Hold,main,208.366943359375,210.80944825845657,205.5868610397578,208.9726040963265,7804400,,,,,47.27521514892578,47.62359116504422,47.11515340508284,47.284632658403304,13964100,,,,,124.30863952636719,125.18959870293813,123.96188447615143,124.75848584831694,3993500,,,,,556.7100219726562,559.8599853515625,542.3699951171875,548.0800170898438,1316200,,,,,13229.4296875,4273.7900390625
2023-06-06,177.66616821289062,178.56831734898336,175.90148844243106,178.41961560329207,64848400,"Monness, Crespi, Hardt",Buy,Buy,main,329.174072265625,330.8412533912164,327.68448335101743,330.8017851103892,20396200,CFRA,Strong Buy,,main,38.628910064697266,39.134582152265736,38.123237977128795,38.80479832868184,388729000,,,,,76.53241729736328,77.69493207202699,75.21296014559537,77.69493207202699,37823000,,,,,104.41899108886719,104.7992277216642,103.49277517583036,104.13624969348305,7023000,,,,,15.460000038146973,15.579999923706055,14.920000076293945,15.300000190734863,74284300,Goldman Sachs,Neutral,Neutral,main,211.335693359375,211.88176828647514,206.88755522968748,207.06628250510087,6796000,,,,,46.898597717285156,46.99275126237344,46.26775747166562,46.879766289921996,16029600,,,,,124.3554916381836,124.589788663864,123.596371563036,124.11181357924842,3298000,,,,,555.7999877929688,563.6300048828125,555.1799926757812,556.5,1388200,,,,,13276.419921875,4283.85009765625
2023-06-07,176.2881622314453,179.6489581922576,175.79246952260962,176.90281634965245,61944600,Wedbush,Outperform,Outperform,main,319.01318359375,329.9731432176181,318.1450620184974,327.17149729188003,40717100,,,,,37.45454788208008,39.47744543312822,37.33561334043707,38.893764495503234,511998000,,,,,76.78720092773438,78.02915509156388,76.29119237005894,76.5149797474494,28957000,,,,,102.61531066894531,105.65721139225627,102.21557049637754,104.45799831296328,9842500,UBS,Neutral,Neutral,main,14.6899995803833,17.15999984741211,14.520000457763672,16.010000228881836,227244100,,,,,204.26634216308594,215.1185892197815,203.32310391045638,213.3512541337338,9323900,,,,,46.87034225463867,47.209300716527466,46.747943381410956,46.79502014740061,15950600,,,,,125.93932342529297,125.99555241518664,123.88687949205332,124.17740547340624,5772000,,,,,528.3200073242188,557.8200073242188,527.239990234375,555.5499877929688,2406600,,,,,13104.900390625,4267.52001953125
2023-06-08,179.0144805908203,179.2821437745567,175.9312711910467,176.36746808847172,50214900,,,,,320.8677673339844,322.2291369225087,318.98355595766924,319.5655851097024,23277700,,,,,38.48898696899414,38.8427939153626,37.48453804984033,37.703416518186614,417772000,,,,,77.9080581665039,77.98652935169306,76.41422312344682,77.00807490044537,21909000,,,,,104.78948974609375,105.0917272318863,102.7128046153223,103.02479385696918,9526700,Deutsche Bank,Buy,,reit,15.1899995803833,15.59000015258789,14.390000343322754,14.4399995803833,115591600,,,,,208.03929138183594,208.8832500916906,203.3925946529,203.91882274014537,5548600,,,,,46.776187896728516,47.077483503814776,46.672616858343815,47.00215780617974,13289100,,,,,125.96743774414062,127.438815412264,125.5925539781178,126.22984923017987,4128500,,,,,535.3400268554688,541.4500122070312,526.1099853515625,529.5900268554688,1458300,,,,,13238.51953125,4293.93017578125
2023-06-09,179.40109252929688,180.6601409825454,179.0739335613958,179.93643394119178,48870700,,,,,322.3771057128906,325.5338755296102,320.0292399102611,320.6013944671028,22514900,BMO Capital,Outperform,Outperform,main,38.74885177612305,39.68933654764696,38.54596339529855,39.01570442200613,427717000,,,,,77.94873809814453,79.22072949316872,77.87705193944228,78.06305605016512,19241000,,,,,107.10015106201172,107.39264421275033,104.72123602708304,105.00396998414458,12580100,Citigroup,Neutral,Neutral,main,15.020000457763672,15.979999542236328,14.819999694824219,15.359999656677246,93983400,,,,,213.77816772460938,217.10434010302362,209.1910417098027,209.1910417098027,7676700,RBC Capital,Outperform,Outperform,reit,46.757362365722656,47.04924409325744,46.48431206497019,46.63495988750131,12173400,JMP Securities,Market Perform,,main,126.8015365600586,127.55128980416472,125.7425095664954,125.9205775707604,3981500,,,,,534.030029296875,545.0,531.5399780273438,538.239990234375,1369800,,,,,13259.1396484375,4298.85986328125
2023-06-12,182.20669555664062,182.30584013644759,179.4109969086846,179.70841552076647,54274900,,,,,327.3688049316406,327.61542900796314,320.7691422408111,324.1429427458358,24260300,,,,,39.46045684814453,39.50843099459079,38.59692983734383,39.17861302696572,388701000,,,,,82.8642578125,83.12001162620135,78.57843942466356,78.57843942466356,51065000,,,,,113.51544189453125,114.56840835315649,111.47775639005778,111.47775639005778,39081500,Evercore ISI Group,In-Line,In-Line,main,15.649999618530273,16.030000686645508,15.329999923706055,15.4399995803833,89900400,B of A Securities,Buy,Buy,main,212.16970825195312,218.8220381764067,210.63073267273168,214.6121981361925,11568300,,,,,47.52943420410156,47.557679549183256,46.76677756134832,47.0021650149691,15495000,,,,,127.8511962890625,128.03863104518425,127.28889202069726,127.45757901110026,4494500,,,,,546.3499755859375,546.9000244140625,532.1300048828125,539.02001953125,1295600,,,,,13461.919921875,4338.93017578125
2023-06-13,181.73085021972656,182.56361030209754,180.86834978636662,181.22524912557424,54929100,UBS,Neutral,Buy,down,329.7758483886719,332.42952577838406,325.9285189350578,329.95341049295934,22951300,,,,,40.99961471557617,41.078573986392584,39.718316587873154,40.16407236318805,613208000,,,,,82.45349884033203,83.6295761444225,81.47310798053928,83.42323175131538,38990000,,,,,113.75919342041016,120.88620253933202,113.11571138355976,120.23297618440382,39190900,Evercore ISI Group,In-Line,In-Line,main,16.0,16.270000457763672,15.163000106811523,16.18000030517578,112765900,,,,,207.49322509765625,214.6916455814967,206.44076880267664,213.96684334725762,11698900,Piper Sandler,Overweight,Overweight,reit,47.830726623535156,47.96254301397421,47.50118564743751,47.7271555762681,24035500,,,,,128.9570770263672,129.49126676056486,127.45757047708331,127.93553121824483,3927300,,,,,554.719970703125,559.5900268554688,549.27001953125,556.0,1345400,,,,,13573.3203125,4369.009765625
2023-06-14,182.36534118652344,182.8015531826157,180.45197462688512,181.79033583961464,57462900,Bernstein,Market Perform,Market Perform,main,332.7846374511719,334.46169309865223,328.31581069541244,329.8251487359543,26003800,,,,,42.97354507446289,42.97654179079345,40.52987541154227,40.80173019682722,740465000,,,,,85.84999084472656,86.0786193845762,82.075687167571,82.91657130356468,43524000,,,,,119.20924377441406,119.44324127279721,112.84270874783466,113.58368594922818,26264200,Citigroup,Neutral,Neutral,main,15.90999984741211,16.190000534057617,15.4399995803833,15.930000305175781,70871900,,,,,207.91024780273438,210.20382636667156,203.56141898397954,206.22234523790598,8963400,,,,,47.98137283325195,48.22617777163582,47.670663293582756,47.83072502183386,16630700,,,,,128.58218383789062,130.20351498676163,128.33852011909747,129.14450232784807,4514900,,,,,567.3099975585938,567.97998046875,554.0,554.9500122070312,1283700,Needham,Buy,,init,13626.48046875,4372.58984375
2023-06-15,184.40757751464844,184.91319370821412,182.19679249165128,182.37524971506843,65433200,,,,,343.3993225097656,345.1158162103727,332.6465202868888,332.9227380100379,38899100,Mizuho,Buy,Buy,main,42.629730224609375,43.265384836246646,42.12400575806211,42.57875935956908,568622000,,,,,85.58358001708984,86.02339409491678,84.38133826477231,85.67851854143507,33814000,,,,,123.38211059570312,124.34732610713354,118.6145212558612,118.89725521744803,27476700,,,,,16.600000381469727,16.790000915527344,15.489999771118164,15.65999984741211,91200900,,,,,210.4122772216797,211.81224930547907,205.89464551274241,206.4705208766506,7905400,,,,,48.89468002319336,49.02649641680159,47.85897670907666,47.93429882325536,22496900,,,,,129.70681762695312,130.08170141915164,128.563447086368,128.6478048773342,3812600,,,,,574.3699951171875,576.6799926757812,562.1099853515625,563.0499877929688,1319100,,,,,13782.8203125,4425.83984375
2023-06-16,183.3269805908203,185.37915556544473,182.68258615200966,185.12138568804832,101235600,,,,,337.70721435546875,346.7238036323781,337.332371106431,346.57583523072196,46533600,,,,,42.668704986572266,43.69714280637508,42.637719859224546,43.42629077833163,655709000,Morgan Stanley,Overweight,Overweight,main,84.09944152832031,86.21522949447329,83.8417512046311,86.15032094943848,68299000,,,,,122.31939697265625,124.2108359212451,122.0171594889412,123.95734233964623,19511500,,,,,16.299999237060547,16.90999984741211,16.010000228881836,16.8700008392334,90473900,,,,,210.25343322753906,212.12998626295536,209.1016975332205,212.0207682492441,13671200,,,,,49.02649688720703,49.346623956924624,48.894680492334025,49.14889936461512,37133300,,,,,128.8446044921875,130.7096137929744,128.8352377601509,130.48468352090805,7473100,,,,,565.47998046875,574.6500244140625,564.9500122070312,574.3699951171875,2088500,,,,,13689.5703125,4409.58984375
2023-06-20,183.4161834716797,184.49680491343358,182.82136138571053,182.82136138571053,49799100,,,,,333.4850769042969,337.4606559646964,331.3246475034231,334.7280719309583,26375400,,,,,43.78409194946289,43.9659956488173,42.65071191947433,42.97453641916343,451153000,,,,,84.09169006347656,84.96745276902747,83.41161382158191,83.57146089627196,27535000,,,,,118.9850082397461,122.11465232898145,118.90700907180259,121.33467552636644,16273000,,,,,15.789999961853027,16.889999389648438,15.579999923706055,15.989999771118164,81335000,Raymond James,Outperform,Strong Buy,down,215.42637634277344,215.50580900382303,207.12585264097623,207.16556139638556,9522900,,,,,48.53688430786133,49.035908070582664,48.46156220267676,48.90408810098756,20138000,,,,,127.42008209228516,128.61030051231606,127.35447207052495,127.79495155837539,4271300,,,,,559.489990234375,569.6300048828125,555.4400024414062,558.2999877929688,1118100,,,,,13667.2900390625,4388.7099609375
2023-06-21,182.37525939941406,183.8127651610623,181.01705115534045,183.30714894064778,49515700,,,,,329.0556945800781,333.1693972869812,327.5858247663164,331.82774670017375,25117800,,,,,43.021514892578125,43.591207435657196,42.05704501017966,43.47726740199492,551603000,,,,,82.55580139160156,84.34198112865103,82.25778030512572,83.75762707699751,23229000,,,,,119.04350280761719,120.27196365705566,117.34706183161835,118.89725622866332,17583000,,,,,14.640000343322754,15.755000114440918,14.369999885559082,15.65999984741211,97885000,,,,,208.09886169433594,216.25045805633152,206.58968669047232,214.97956586874642,7971600,,,,,47.877803802490234,48.39565904325751,47.84955845907649,48.37682761707258,16939600,,,,,125.29267120361328,126.88588800960898,124.91778740785543,126.62347650275578,5501300,,,,,546.7999877929688,559.6500244140625,545.5900268554688,557.7899780273438,1129000,,,,,13502.2001953125,4365.68994140625
2023-06-22,185.38906860351562,185.43864089866383,182.08775342754114,182.15715766621673,51245300,,,,,335.1225891113281,335.5270561339279,328.8386136322593,329.608079403054,23556800,,,,,43.001529693603516,43.40230809572924,42.21096084923493,42.22994767790135,417737000,Mizuho,Buy,Buy,reit,82.04644012451172,82.67754669622389,81.3530068097193,82.30551072825948,23464000,Mizuho,Buy,Buy,reit,117.56156158447266,119.52124054791241,117.06432616702196,118.56577673694792,12203400,,,,,14.050000190734863,14.4399995803833,13.859999656677246,14.300000190734863,103461000,,,,,211.7725372314453,212.43778383483422,207.60242124808377,208.1385878910793,5689800,,,,,48.132022857666016,48.15085428392499,47.482354814504134,47.68949691162559,14993800,,,,,122.93093872070312,124.60851311894248,122.47171148815124,123.40889941554886,6012800,,,,,549.8699951171875,550.22998046875,539.010009765625,543.219970703125,1238000,,,,,13630.6103515625,4381.89013671875
2023-06-23,185.07179260253906,185.94421646985703,183.41618103785228,183.95153754819322,53079300,Tigress Financial,Strong Buy,Strong Buy,reit,330.4959411621094,333.396242355337,328.9471650313448,329.8448500671527,23084700,,,,,42.18597412109375,42.78564528889148,41.9920797064,42.440836083085124,358140000,,,,,80.07131958007812,81.4221559029668,79.74992965904586,81.22640029134229,37413000,,,,,115.67012023925781,116.89858112386077,115.1826365877308,116.59633620179507,19731600,,,,,14.029999732971191,14.140000343322754,13.5600004196167,13.640000343322754,74640600,,,,,208.59532165527344,209.49885114222667,206.58970375155695,209.00240836700814,14017200,,,,,47.388206481933594,47.75541035501362,47.162232933723274,47.68008464170095,16540300,,,,,121.30023956298828,122.41549560402589,121.06594255605953,122.20931309390024,11324700,,,,,542.989990234375,551.6400146484375,536.8800048828125,541.22998046875,1367800,,,,,13492.51953125,4348.330078125
2023-06-26,183.67396545410156,186.43001547826037,183.63430156934749,185.22052415803645,48088700,,,,,324.16265869140625,331.571224712544,324.05412845410723,329.2135144395698,21520600,,,,,40.60982894897461,42.74066558376808,40.078117742451454,42.43782951394114,594322000,,,,,80.02067565917969,81.51759483319896,79.88335323675182,80.34888672573783,21372000,,,,,113.85668182373047,116.44034669544037,113.77868265333379,115.03639138194148,8987000,,,,,13.9399995803833,14.420000076293945,13.829999923706055,13.869999885559082,50679900,,,,,205.88475036621094,210.24351736941892,205.87482696469235,207.53294403217546,4771500,,,,,47.27521514892578,47.830729681092286,47.246969803948204,47.369372285063534,13032100,,,,,123.09027862548828,123.15588865506177,121.18778797282967,121.26276473504714,4845600,Credit Suisse,Outperform,Outperform,reit,537.969970703125,551.1300048828125,536.6400146484375,541.3300170898438,966500,,,,,13335.7802734375,4328.81982421875
2023-06-27,186.43991088867188,186.7670698420573,184.07050070567323,184.28860667459685,50730800,,,,,330.052001953125,331.61065251898395,324.8531483244566,327.3785758903238,24354100,,,,,41.853153228759766,41.91711748885724,40.425934710005095,40.77674114143434,462175000,,,,,82.62786865234375,82.78370036082254,79.95931380359563,80.70728668508524,24923000,,,,,114.89014434814453,115.4946267587414,113.34970165008583,113.65193913617914,6970400,,,,,14.609999656677246,14.760000228881836,13.960000038146973,14.220000267028809,55410500,,,,,207.33436584472656,208.98254432782394,206.0436116119967,206.65919579904883,4014800,,,,,47.88722229003906,48.05670153743949,47.312876350707334,47.3693706304166,12981000,,,,,124.02745819091797,124.59914345078185,122.61230943961421,123.05278894969068,3219900,,,,,539.9600219726562,545.0800170898438,535.010009765625,541.1400146484375,854100,,,,,13555.669921875,4378.41015625
2023-06-28,187.61965942382812,188.26405378835105,185.9838798047539,186.311023626698,51216800,,,,,331.31475830078125,333.4160000459161,329.30229760192987,330.14082540190753,20259500,,,,,41.094566345214844,41.82216977478574,40.49589414728599,40.637814961274316,582639000,,,,,82.58307647705078,83.61446222435086,81.52344753083504,81.686092987574,19445000,,,,,113.61294555664062,115.65063121214342,113.4764507209699,113.85668739725418,9240500,,,,,15.279999732971191,15.430000305175781,14.46500015258789,14.529999732971191,66001000,,,,,210.6605224609375,210.690307815014,206.1230434372578,206.9272782977849,4775900,,,,,47.896636962890625,48.037870868527655,47.491770264573724,47.81189733785389,11387600,,,,,123.48389434814453,123.86814488704115,122.6872930727729,123.76505362783364,2753800,,,,,548.6699829101562,549.1799926757812,537.2999877929688,538.9299926757812,961000,,,,,13591.75,4376.85986328125
2023-06-29,187.9567413330078,188.43261718372244,187.31234691859044,187.45114025988062,46347300,,,,,330.5255126953125,331.57119617322525,328.1283343509732,330.19010762744165,16997000,,,,,40.799720764160156,41.57729606340196,40.57784179444888,41.535319167111474,380514000,Rosenblatt,Buy,Buy,reit,84.00792694091797,84.0342159248887,82.4340579296712,83.21709515657987,23386000,,,,,114.8316421508789,114.85114566149642,111.7604938086866,112.75496457470423,9234300,,,,,15.199999809265137,15.569999694824219,15.0600004196167,15.399999618530273,46300900,,,,,208.93289184570312,211.13709890309318,208.22795161351974,210.3924347661433,3838300,,,,,48.216758728027344,48.27325300240823,47.849554923869135,47.88721777345639,14246000,,,,,125.639404296875,125.91119678895723,123.41827360813396,123.47450259260557,3639800,,,,,548.0800170898438,550.739990234375,542.6799926757812,549.969970703125,710200,,,,,13591.330078125,4396.43994140625
2023-06-30,192.29901123046875,192.8046122965116,189.61235036422667,189.9791732182635,85069600,Citigroup,Buy,,init,335.94140625,338.1018352198604,332.6465127324508,333.189073570984,26823800,,,,,42.27892303466797,42.52678885243143,41.478361279660916,41.65726449187917,501148000,Daiwa Capital,Outperform,Neutral,up,84.48124694824219,85.17663440913988,84.17933231024938,84.58740599611095,23145000,,,,,116.10884857177734,118.68276900698153,116.05035291588973,116.8400740240123,13700600,,,,,15.329999923706055,15.800000190734863,15.229999542236328,15.479999542236328,42081000,,,,,209.75698852539062,212.32857352440374,209.4591349909607,210.3527258947117,5983800,,,,,48.71578598022461,49.20538869287007,48.50864388444803,48.847602371454336,18186300,Citigroup,Neutral,,init,125.40512084960938,126.54849132498774,125.04898484241996,126.22985084505702,4236400,,,,,561.969970703125,566.6300048828125,554.030029296875,555.7899780273438,1324800,,,,,13787.919921875,4450.3798828125
2023-07-03,190.80203247070312,192.20979786240994,190.1080506189076,192.11065327577057,31458200,,,,,333.4258728027344,336.29658063116784,332.0250649242067,334.60968039782284,12508700,,,,,42.389854431152344,42.87459038816099,42.178971032897955,42.493797772318985,198209000,,,,,85.3587646484375,85.38700784757674,84.23680151925305,84.59715680171973,9038000,,,,,114.21743774414062,115.28990044665984,113.905448459073,115.05591034246196,4284700,,,,,15.520000457763672,15.59000015258789,15.1899995803833,15.489999771118164,26037400,,,,,210.14422607421875,210.45203332893507,208.42653827001683,209.07192298447566,2400000,,,,,48.79110336303711,48.800520871056136,48.32974603845892,48.357991379062135,7338300,,,,,125.27394104003906,125.91123643219169,124.52418764353574,125.03964399740406,1477100,,,,,562.8699951171875,564.5599975585938,555.9400024414062,560.8499755859375,473400,,,,,13816.76953125,4455.58984375
2023-07-05,189.68173217773438,191.3175117071999,188.97784202953343,189.9196700716342,46920300,UBS,Neutral,Neutral,reit,333.58367919921875,337.0364158494364,330.2098791029289,330.5650032791807,18172400,Wedbush,Outperform,Outperform,reit,42.29391098022461,43.15343851678274,42.062035314453695,42.11200726932329,323618000,,,,,83.93878173828125,85.40357170511389,83.92807443741226,84.47833756430524,14440000,,,,,113.05719757080078,114.08091612383431,112.52097006459094,113.60317683193357,8466500,,,,,15.699999809265137,15.770000457763672,15.229999542236328,15.425000190734863,39179900,,,,,212.29879760742188,213.09309393484813,208.59532356226762,208.99248687621207,5069300,,,,,48.867008209228516,48.923930897963125,48.3167700273176,48.35471848647401,14950500,,,,,125.80813598632812,125.87373171729665,124.26176703749866,124.94592464835453,2955100,,,,,565.760009765625,567.22998046875,556.1599731445312,556.4000244140625,1116200,,,,,13791.650390625,4446.81982421875
2023-07-06,190.1575927734375,190.36579032144616,187.57007679659148,188.2045627194373,45094300,,,,,336.6615295410156,338.3583041195477,330.969457605854,332.74513862980643,28161200,Morgan Stanley,Overweight,Overweight,main,42.08002853393555,42.15598728056081,41.32344159639819,41.82117097723614,303582000,,,,,82.58892059326172,83.16353331669079,82.23148550238301,82.29673984647283,23939000,,,,,112.55997467041016,112.91096350240355,111.77025351763021,111.79950134722793,7982800,,,,,15.130000114440918,15.383000373840332,14.619999885559082,15.319999694824219,56534000,,,,,208.64495849609375,210.98816888358655,206.35139541367846,209.69741470272325,4250900,,,,,48.487525939941406,48.56341922593148,48.05112959334853,48.44957748746456,13931100,,,,,123.8587875366211,125.4894857417017,123.28710220141248,124.87095243995876,3507700,,,,,555.8300170898438,560.530029296875,548.4299926757812,557.0,1017900,,,,,13679.0400390625,4411.58984375
2023-07-07,189.037353515625,191.01021583133178,188.60115666342472,189.76107572138073,46778000,,,,,332.666259765625,337.17455476042386,332.4492293908837,334.7379078689779,21185300,,,,,42.47980880737305,43.19042323587049,42.156986987539184,42.298907804592,355881000,Tigress Financial,Buy,Buy,main,82.46717071533203,83.56186385786366,82.26362057824389,82.82557172695172,19409000,,,,,111.7409896850586,113.07669740654077,111.6239909450133,111.96522797213376,7000800,,,,,15.34000015258789,15.899999618530273,15.1899995803833,15.229999542236328,48109800,,,,,208.09886169433594,210.60093731686973,207.79106962315626,208.27758895677474,3020800,,,,,48.37368392944336,48.99981891593576,48.13651153124225,48.383169233027424,15579600,,,,,123.78380584716797,125.44263278670127,123.47453205841731,123.50264655736233,2982400,JP Morgan,Neutral,,init,552.97998046875,563.2999877929688,552.780029296875,555.280029296875,856000,,,,,13660.7197265625,4398.9501953125
2023-07-10,186.9851837158203,188.3533002828443,185.42870151973196,187.62957811566648,59922200,,,,,327.3490295410156,330.7031407949626,323.1662951750732,330.0816433554904,32791400,,,,,42.156982421875,42.787638599844065,41.6262701482501,42.633723309603205,353908000,Goldman Sachs,Buy,Buy,main,85.48441314697266,85.62465576278376,82.61620124693043,82.61620124693043,30622000,,,,,111.51676177978516,112.15049203908335,110.81479154256753,111.41926653337246,6931000,,,,,16.299999237060547,16.329999923706055,14.944999694824219,15.369999885559082,62823600,,,,,211.29595947265625,211.35553017823645,206.83791330246208,207.51306816601127,3820100,,,,,48.76264572143555,48.85751323158136,48.402142668747096,48.44957642382,19046500,,,,,124.55228424072266,124.69287102630882,123.42766145780607,123.48389045189872,2369200,,,,,565.5999755859375,565.8499755859375,553.0,553.0,1177100,,,,,13685.48046875,4409.52978515625
2023-07-11,186.4597625732422,187.66925393721883,184.99251645839882,187.53046059023825,46638100,Keybanc,Overweight,Overweight,main,327.9803771972656,328.3650950420955,322.5842420360522,326.58941400885703,26698200,,,,,42.381858825683594,42.73466683788418,42.044045830740814,42.457817566804145,298244000,Keybanc,Overweight,Overweight,main,85.90513610839844,85.99766025811273,84.20855290441796,85.81358534959425,25498000,,,,,112.39730072021484,112.51471006141703,110.97863997046346,111.73199604909722,6118600,,,,,16.489999771118164,16.93000030517578,16.149999618530273,16.469999313354492,63236600,,,,,219.5964813232422,220.76809407592307,215.69444863177176,220.48014880058847,10030500,Evercore ISI Group,Outperform,Outperform,reit,49.44570541381836,49.47416856528971,48.895467277879646,48.923926810387044,15002700,,,,,125.99555206298828,126.10801004246125,124.86154833533985,125.26454659570707,2925200,Credit Suisse,Outperform,Outperform,reit,561.4400024414062,571.27001953125,557.5399780273438,567.2100219726562,1134300,,,,,13760.7001953125,4439.259765625
2023-07-12,188.13519287109375,190.04855924155865,186.84638895388292,188.0459566971953,60750200,,,,,332.64654541015625,337.03643563123427,331.1372073615491,332.0546416428547,29995300,Wedbush,Outperform,Outperform,reit,43.87804412841797,43.911027066615475,42.75365801470833,43.00951883998821,481277000,,,,,86.67454528808594,87.41862467755982,85.90026848662649,86.58202113108688,28197000,Deutsche Bank,Buy,Buy,main,113.51266479492188,115.53792930347946,113.14087973977378,113.17023020932308,11011600,,,,,16.59000015258789,16.940000534057617,16.40999984741211,16.780000686645508,50079400,,,,,225.66302490234375,226.4672597677851,220.03336569402322,220.32129583526563,8923500,BMO Capital,Outperform,Outperform,main,48.13651657104492,49.26545600185317,47.9372889852849,48.914441829074796,26332500,B of A Securities,Neutral,Buy,down,124.49605560302734,126.82965896703448,124.24302512888609,126.58599522515063,3732200,Morgan Stanley,Equal-Weight,Equal-Weight,reit,561.3400268554688,570.8599853515625,557.239990234375,570.8599853515625,1168100,,,,,13918.9599609375,4472.16015625
2023-07-13,188.8985595703125,189.5429691298021,188.14511214362412,188.8589108119984,41342300,,,,,338.0328063964844,339.09820909301106,334.4419456196633,334.9746620206647,20567200,Oppenheimer,Outperform,Outperform,main,45.9519157409668,46.12981621305511,44.46772535978278,44.49371214998775,478204000,,,,,86.71446990966797,87.55009257012156,85.53699384717906,87.55009257012156,25912000,,,,,114.91177368164062,116.01735791941734,114.23669041438147,114.55955307936848,9359600,,,,,16.739999771118164,17.260000228881836,16.631000518798828,16.700000762939453,58397800,,,,,228.73104858398438,229.31686259642382,225.98076640708462,226.6360593824911,5800300,,,,,48.88597869873047,48.971360915817996,48.0511343749457,48.08907921223484,17864800,,,,,125.50823974609375,126.58601473671297,124.98341665169268,125.1239891589941,3221400,,,,,577.4500122070312,579.4400024414062,565.0,566.6199951171875,1314100,,,,,14138.5703125,4510.0400390625
2023-07-14,189.0472869873047,189.53305615859267,187.99642086899894,188.59124304090398,41573900,,,,,340.57794189453125,346.684355842652,339.66050764457793,342.8962140090438,28302200,UBS,Buy,Neutral,up,45.444190979003906,48.06176136683886,45.03541375901061,46.55758152341574,772075000,Truist Securities,Buy,Buy,main,86.54110717773438,87.97959314090048,86.30541283573012,86.30541283573012,18510000,Truist Securities,Buy,Buy,main,116.69244384765625,117.37732057414289,115.13680903924303,115.6260035019413,7720900,,,,,16.399999618530273,17.0,16.270000457763672,16.760000228881836,45018700,,,,,227.6984405517578,230.54801717652137,226.5268277475234,228.0658033500079,4274700,,,,,47.79499053955078,48.354717635887,47.49141010956817,47.832935379075465,19564800,,,,,125.0208740234375,125.50821578965554,124.58977554976137,125.49884905774226,2860700,,,,,580.3800048828125,584.260009765625,576.0,577.0,916200,,,,,14113.7001953125,4505.419921875
2023-07-17,192.31886291503906,192.6460219186536,190.1576348349816,190.24685589214712,50520200,Morgan Stanley,Overweight,Overweight,main,341.06134033203125,342.30430506599646,337.5790099679338,341.0119974589969,20363900,,,,,46.435646057128906,46.47062680609521,45.237302819243375,46.263742840846305,510488000,,,,,88.6613540649414,88.93989249295838,86.65798169103587,86.77777565508883,26819000,,,,,116.3206558227539,117.37731762713604,115.69448752338262,116.28151937097883,6735900,,,,,17.399999618530273,17.59000015258789,16.31999969482422,16.420000076293945,63505000,,,,,226.37789916992188,228.6416769496026,226.18924849657668,227.60908267212204,3557900,,,,,48.20291519165039,48.335731143701395,47.56729133959638,47.62421401288821,16140700,,,,,125.80813598632812,126.15489100802525,124.73974212184393,124.88968134992436,3167400,BMO Capital,Market Perform,Market Perform,main,592.3800048828125,594.989990234375,582.0,582.6699829101562,1043200,,,,,14244.9501953125,4522.7900390625
2023-07-18,192.0610809326172,192.65591819761897,190.76236853561463,191.6843647836334,48353800,,,,,354.635498046875,361.8270635461225,337.5494072854083,341.1599567699789,64872700,Wedbush,Outperform,Outperform,reit,47.468082427978516,47.86986348716586,45.7090445218803,46.675515893049734,569164000,,,,,87.98739624023438,88.61752200396009,87.48387074728163,88.23574468782472,24513000,,,,,118.16001892089844,118.66878530643149,115.26398880125852,116.21302718643229,8906700,,,,,18.079999923706055,18.1299991607666,17.190000534057617,17.8799991607666,87365700,,,,,226.0105438232422,227.98637638233552,223.86590738752776,225.4346683830838,5094200,RBC Capital,Outperform,Outperform,reit,48.61085510253906,48.734182140841725,48.24086313074055,48.36419378800672,16434200,,,,,126.85774993896484,127.41068734705843,125.85495205955776,126.24858354704506,3852100,,,,,597.1300048828125,602.0,583.9199829101562,589.8099975585938,1264000,,,,,14353.6396484375,4554.97998046875
2023-07-19,193.41929626464844,196.52232225877913,190.99038994943103,191.43652547824442,80507300,B of A Securities,Neutral,Neutral,main,350.28509521484375,357.5654427726351,347.6807606209098,356.86503882465547,39732900,Mizuho,Buy,Buy,main,47.05131530761719,47.791912159998795,46.71649899256564,47.43810520447181,427502000,,,,,87.78675842285156,88.23476343786743,86.25380151851975,87.38744524376024,24118000,,,,,116.1249771118164,118.73727359744863,115.86080793737311,118.20894271307672,7609000,,,,,18.049999237060547,18.9950008392334,17.760000228881836,18.020000457763672,89044600,,,,,232.7025909423828,236.5252065249966,229.58493079495935,232.31536616818866,8516300,,,,,49.73979949951172,49.749284803831735,49.04725647730643,49.53108661483258,21745000,JP Morgan,Overweight,Neutral,up,126.97023010253906,127.87930363425149,126.69845186641832,127.01709236403696,5520000,,,,,603.25,614.3599853515625,599.5399780273438,610.9000244140625,1737200,Guggenheim,Buy,Buy,main,14358.01953125,4565.72021484375
2023-07-20,191.4662628173828,194.77748634801802,190.84168518874347,193.40936968617578,59581200,Credit Suisse,Outperform,Outperform,main,342.1859130859375,353.1360263193054,340.7061688680628,348.7954493013007,33778400,Stifel,Buy,Buy,main,45.49516296386719,47.061309289375785,45.03741268358768,46.481623930021314,537865000,Susquehanna,Positive,Positive,main,86.51773071289062,88.3350737778023,86.28983092900026,86.92677779655808,28268000,Wolfe Research,Peer Perform,,init,113.37568664550781,116.47718468292186,112.73973992410649,114.9508931438227,12913000,,,,,17.1299991607666,18.0,16.979999542236328,17.540000915527344,62711600,,,,,226.53675842285156,231.83876333589117,225.7027382421953,229.45584420537887,5303000,Mizuho,Buy,Buy,main,49.68287658691406,50.15722141792632,49.25596551521026,49.38878510782333,22784400,Exane BNP Paribas,Underperform,,init,129.68807983398438,131.50622683948768,127.98239081220986,128.57282382749395,10896300,B of A Securities,Buy,Buy,main,578.8800048828125,600.8800048828125,575.780029296875,597.6199951171875,1551200,Oppenheimer,Outperform,Outperform,main,14063.3095703125,4534.8701171875
2023-07-21,190.28651428222656,193.29041080540085,189.5826239989074,192.42791035637276,71917800,,,,,339.1278076171875,345.56962697471664,335.2410099540345,344.4351622996389,69368900,,,,,44.284820556640625,45.84097398700811,44.07593496513591,45.7630136202291,963769000,,,,,87.3368148803711,88.7392632332613,87.05242867367645,88.09062817650583,74287000,,,,,115.1074447631836,116.69242985497952,113.69856249090789,113.97251016284723,9157300,,,,,16.43000030517578,17.489999771118164,16.0,17.469999313354492,63260300,,,,,226.43746948242188,229.16790466501752,225.6729433892305,228.3636698170899,3527800,,,,,49.92953872680664,50.28055289407804,49.83466758770361,50.04338047476636,51284200,,,,,130.212890625,131.0001250380502,129.10700145398437,129.52874745416014,5858600,,,,,582.02001953125,593.010009765625,581.0,590.6500244140625,810000,Baird,Outperform,Outperform,main,14032.8095703125,4536.33984375
2023-07-24,191.0895233154297,193.230919269526,190.5938306479448,191.7438412670713,45377800,Wells Fargo,Overweight,Overweight,main,340.44970703125,342.2352929441679,337.6875295682125,341.1797347293557,26678100,Goldman Sachs,Buy,Buy,main,44.5876579284668,45.08438839809802,44.01597143107396,44.70659248014653,382516000,Mizuho,Buy,Buy,main,87.80817413330078,88.18313765221106,87.09136467477165,87.73123910615621,19992000,,,,,115.51837158203125,115.97821553729106,114.20733410189992,115.3911837183589,6200400,,,,,16.31999969482422,16.690000534057617,16.1200008392334,16.610000610351562,36133600,,,,,224.05453491210938,225.97079656387922,221.94960745004343,225.64314254643176,5363200,,,,,50.38490676879883,50.57464541836738,49.96748101595527,49.9864552428085,18390200,,,,,130.77520751953125,131.31877827678613,130.06294978607005,130.59715381143147,3475200,,,,,578.0399780273438,587.219970703125,576.0499877929688,586.5,975300,RBC Capital,Outperform,Outperform,main,14058.8701171875,4554.64013671875
2023-07-25,191.95204162597656,192.76498493762563,191.25807485221583,191.66454650804036,37283200,Morgan Stanley,Overweight,Overweight,reit,346.240478515625,347.1381937516986,340.41028183220885,342.42271258678073,41637700,,,,,45.654075622558594,46.15779841353938,44.89848762347168,44.916479357127734,348081000,,,,,89.40543365478516,89.91089849895977,87.7137172894577,87.7137172894577,20042000,,,,,115.40096282958984,115.94886566600765,114.28560012849285,115.43032076552575,6266300,,,,,16.549999237060547,16.860000610351562,16.350000381469727,16.350000381469727,36612900,,,,,224.42190551757812,225.9013103479699,223.58788534417064,224.27297875455187,3203700,,,,,50.84975814819336,51.0015483305864,50.38490229791116,50.46079557962597,16136600,,,,,131.51559448242188,131.60930470272703,130.30661394754625,130.66274996562652,3770800,,,,,582.3800048828125,587.6400146484375,579.0,579.0,1079100,,,,,14144.5595703125,4567.4599609375
2023-07-26,192.82443237304688,193.95461096026835,191.65460503159764,192.0015807949404,47471900,,,,,333.2088317871094,340.01568008356725,328.611755590644,336.82928631733375,58383700,Morgan Stanley,Overweight,Overweight,reit,45.42720413208008,46.027878005743126,44.60565396264289,45.99589396822997,364237000,,,,,86.98035430908203,88.6876449628231,86.45053981938281,88.52987388643383,19877000,,,,,113.00391387939453,115.07810095990394,112.5147194470162,114.8824187082438,8160000,,,,,16.43000030517578,16.690000534057617,16.1299991607666,16.399999618530273,35804800,,,,,223.97511291503906,225.89137465798845,221.5326079188612,222.86308600307797,4856700,,,,,50.4892692565918,50.897206135405526,50.2426078969088,50.79284968469074,13563700,,,,,132.20912170410156,132.3778086846269,131.09386566500268,131.61868867155405,4046400,,,,,577.27001953125,585.0900268554688,571.2100219726562,573.9199829101562,1825100,,,,,14127.2802734375,4566.75
2023-07-27,191.55548095703125,195.50119046422063,190.89125457942112,194.33136299756583,47460200,Bernstein,Market Perform,Market Perform,main,326.2540283203125,336.7207386752654,324.6065664004519,335.8822409797451,39635300,Rosenblatt,Buy,Buy,main,45.87495803833008,47.3691412842477,45.72503835474356,46.49361978738997,455976000,,,,,87.023193359375,88.61264403163607,86.28982879951266,88.48116196139317,21922000,,,,,113.88445281982422,115.05851634254365,113.1408752743612,115.00960138339674,7843000,Piper Sandler,Overweight,Overweight,reit,16.149999618530273,17.190000534057617,16.0,16.799999237060547,50685200,,,,,223.54815673828125,228.50266067055136,222.41626791239995,226.4175951306611,4299600,,,,,50.280548095703125,51.12488124884208,50.1477321325977,50.849760400144525,15795500,,,,,133.9897918701172,134.3740424463427,132.98699367855636,133.3618775213458,6331600,,,,,559.8900146484375,600.6599731445312,556.7100219726562,598.0,3074400,Stifel,Buy,Buy,main,14050.1103515625,4537.41015625
2023-07-28,194.1429901123047,194.9361013981904,192.46754649179775,192.99297950413737,48291400,,,,,333.8007507324219,335.418619127257,328.67098799700807,329.16423615072927,28484900,Oppenheimer,Outperform,Outperform,reit,46.724491119384766,47.00134040286981,46.35569298072291,46.642535130211954,331194000,,,,,87.63286590576172,88.00004229272855,87.06409359539516,87.58709424647373,18791000,,,,,113.48332214355469,114.76501663011558,113.15067351305996,114.15841284775414,6910400,,,,,17.809999465942383,17.969999313354492,16.739999771118164,17.209999084472656,106125600,Wedbush,Outperform,,init,223.99496459960938,225.69279024270847,222.38647986113216,224.39211272132513,4238700,,,,,49.417236328125,49.730301982077336,49.11365597685348,49.38877680111931,27491300,,,,,134.43960571289062,134.90819967794104,133.8773015350419,134.43023898171668,6686400,,,,,569.5399780273438,569.6799926757812,559.3699951171875,567.5399780273438,2041900,,,,,14316.66015625,4582.22998046875
2023-07-31,194.7576446533203,194.7973085377491,193.57789369266726,194.37100498050742,38824100,Piper Sandler,Overweight,Overweight,main,331.38385009765625,333.1398123061402,328.8583918744818,332.37034639692763,25446000,Argus Research,Buy,Buy,main,46.70349884033203,47.1042809800561,46.48062096434278,46.728486722217035,251055000,,,,,87.5218505859375,87.75072377122342,86.77679785271825,87.40985118583963,14952000,,,,,114.69652557373047,114.70630408755866,113.32677972183176,113.91381152564138,6703100,,,,,19.84000015258789,19.9950008392334,18.3799991607666,18.81999969482422,142173800,,,,,223.40916442871094,223.77654237166877,220.1723631016824,220.7681004711817,5571900,Morgan Stanley,Equal-Weight,Overweight,down,49.36981201171875,49.50262798841172,49.085205830381824,49.180073351172815,14193500,,,,,135.12376403808594,135.51739559714443,134.5145975354058,134.77700904120846,6138100,,,,,583.0,583.6500244140625,573.0,573.8200073242188,1669800,,,,,14346.01953125,4588.9599609375
2023-08-01,193.92489624023438,195.03524303340677,193.5977372471017,194.5494738750641,35175100,TD Cowen,Outperform,Outperform,main,331.79815673828125,333.96846060651745,329.1938222018752,330.66369203212577,18311900,,,,,46.48162078857422,46.874407881393104,46.00188318529818,46.434645552261735,237858000,,,,,89.60118103027344,89.66156098714514,87.42932304676556,87.55399138498773,19683000,,,,,115.36183166503906,115.48901952696718,113.96273532577183,114.39322133934404,5246000,,,,,19.989999771118164,20.239999771118164,19.229999542236328,19.459999084472656,99336200,,,,,222.6744384765625,223.21058998804443,220.05322132549733,222.29713713315223,4212600,,,,,49.9579963684082,50.07183811205961,49.62595644152337,49.87261415592871,15286200,,,,,134.32717895507812,135.40493960502485,133.24003727142434,135.18939033510676,4797700,,,,,590.3900146484375,591.5,575.2100219726562,578.239990234375,1102600,,,,,14283.91015625,4576.72998046875
2023-08-02,190.9209747314453,193.49856732490423,190.19726772902345,193.35977399392826,50389300,JP Morgan,Overweight,Overweight,main,323.0775451660156,329.1247724313431,321.9529249093119,329.1247724313431,27761300,Tigress Financial,Buy,Buy,reit,44.244850158691406,45.81499224934551,43.363331362198146,45.80599828780853,530142000,,,,,86.90341186523438,88.9194381935158,86.7076488348351,88.85126367731169,26877000,,,,,113.2093734741211,114.45193149963623,111.84941356333904,114.39322309248818,6387800,,,,,18.969999313354492,19.6200008392334,18.149999618530273,19.260000228881836,98215800,,,,,218.9312744140625,221.2645616300421,217.24337192708435,220.40074085740716,5127000,,,,,49.88209915161133,50.384903463868035,49.635437837662515,49.692360514488435,17693700,,,,,135.11439514160156,135.23623416032777,133.37122485220362,133.8117043656784,4957400,,,,,563.1699829101562,582.8599853515625,561.0499877929688,579.8900146484375,1745500,,,,,13973.4501953125,4513.39013671875
2023-08-03,189.52313232421875,190.71279169853844,189.04727159995883,189.91969553388512,61235200,,,,,322.2488708496094,325.42539000063243,321.5484669368351,321.597779707483,18253700,,,,,44.4907112121582,45.093382845124545,43.776101176403955,43.776101176403955,324176000,,,,,86.19049835205078,87.1985078296057,85.81066783233847,86.35022363182965,18281000,,,,,112.0744400024414,113.65942508082192,111.79070635475885,112.74952319843105,5193800,,,,,18.709999084472656,19.299999237060547,18.610000610351562,18.6299991607666,54345900,,,,,214.02639770507812,216.6575533917193,213.0732361014175,214.66184382426204,5515200,,,,,50.4228515625,50.53669329639229,49.55954420764288,49.79671659764718,15186400,,,,,135.37681579589844,136.09845462426304,134.30842195276688,134.74890149602206,3951900,,,,,560.4000244140625,562.510009765625,556.0,557.969970703125,863700,,,,,13959.7197265625,4501.89013671875
2023-08-04,180.42225646972656,185.7658238245138,180.3528522221102,183.92184614977657,115799700,Canaccord Genuity,Buy,Buy,main,323.35369873046875,330.61432586715995,322.820982393301,327.3983388650913,23727700,,,,,44.655616760253906,45.61708974786317,44.36877463741095,44.960450615371684,362666000,,,,,85.86618041992188,87.03196838970187,85.05976689743022,86.19049793260241,21156000,,,,,111.9668197631836,113.88446096857868,111.79070947572312,112.84736373597165,5577500,,,,,18.200000762939453,19.079999923706055,18.079999923706055,18.874000549316406,71979800,,,,,213.06329345703125,215.70437249393282,211.5541184218563,214.87035231919452,4799800,,,,,49.92953872680664,50.58413330127989,49.844156511095875,50.16671114611833,12266700,,,,,135.1800079345703,136.91379722703448,134.9457109247491,135.97660918774966,4223100,,,,,551.6300048828125,564.97998046875,550.010009765625,564.4000244140625,1634100,Needham,Buy,Buy,reit,13909.240234375,4478.02978515625
2023-08-07,177.30926513671875,181.55239296699656,175.8221872019764,180.5610076771683,97576100,,,,,325.6522216796875,326.6387178056162,323.09720032618895,323.93572805432285,17741500,,,,,45.39221954345703,45.51515353063665,44.53868540861367,45.086386746173794,322154000,,,,,87.36699676513672,87.3971867437305,86.21873731349754,86.4534508364658,11146000,,,,,113.59093475341797,113.86488241481469,112.58319551420264,112.97455251527536,7347000,,,,,17.989999771118164,18.389999389648438,17.010000228881836,18.25,133808400,Citigroup,Sell,Sell,main,214.52284240722656,215.34693920447273,212.84486345923872,213.77817826937851,3615200,,,,,50.2900390625,50.346961746939755,49.976973345491274,50.25209422517081,11327900,,,,,136.99813842773438,137.29804545946098,135.8266533982168,135.89226342403987,3438700,,,,,554.8900146484375,556.9099731445312,549.0599975585938,555.3599853515625,1227200,,,,,13994.400390625,4518.43994140625
2023-08-08,178.25108337402344,178.71703568412062,176.05020675575068,178.14203038384454,67823000,,,,,321.6471252441406,324.3106774509486,318.63832339667346,322.54484054190954,22327600,,,,,44.63964080810547,45.21732467059764,44.03197071564543,44.82853690012808,353843000,,,,,86.01324462890625,86.73784130328966,85.06268750795456,86.68817607392883,14081000,,,,,112.73974609375,113.11153115509346,111.75157130354319,112.55384983082115,4694800,,,,,17.040000915527344,17.489999771118164,16.100000381469727,17.489999771118164,143014200,DA Davidson,Neutral,Neutral,main,210.07472229003906,212.66615412977524,209.63785023273013,212.03070799647978,4843800,,,,,50.33747100830078,50.403878990162944,49.67338757071553,49.95799372426247,12224800,,,,,136.7451171875,136.97003317612175,135.0581757710603,136.54830139710066,4654600,,,,,552.8300170898438,553.760009765625,541.75,546.989990234375,1085100,,,,,13884.3203125,4499.3798828125
2023-08-09,176.65493774414062,179.37132361114365,175.48509529864398,179.31184291731705,60378500,,,,,317.8786926269531,322.69276896492516,316.7146041895466,322.0614270294025,22373300,,,,,42.530784606933594,44.287824912823,42.111011764378375,44.24984363147646,586449000,,,,,82.85480499267578,86.04928109524732,82.65904937315419,85.97039927111214,24672000,,,,,110.65576934814453,113.20936465702212,109.90241327313541,112.84735812177597,6542400,,,,,15.25,16.920000076293945,15.100000381469727,16.760000228881836,126230400,,,,,204.39541625976562,210.15415537643273,203.45217803424458,210.1442168249632,7847500,,,,,50.27106475830078,50.707461116704394,49.95799544533925,50.18568254739888,18765500,,,,,135.07667541503906,137.3992063279979,134.89655823406858,137.3992063279979,4072900,,,,,550.3300170898438,555.0,545.0999755859375,551.52001953125,939200,,,,,13722.01953125,4467.7099609375
2023-08-10,176.4368438720703,179.1928938087059,176.07003615011226,177.93383023619305,54686900,,,,,318.5692443847656,323.8272865467836,316.842875851902,321.6175143529931,20113700,,,,,42.3648796081543,43.5502335183192,41.81217984346574,42.13700333209184,492705000,,,,,82.09221649169922,83.90371929299467,81.52441750336894,83.08756444016198,20186000,,,,,110.54814910888672,112.60276410875134,110.04917619223627,111.32107716143143,6004100,,,,,15.40999984741211,15.869999885559082,15.25,15.4399995803833,73129100,,,,,206.76841735839844,208.8435445376085,204.971296923282,206.6989080972594,4004700,,,,,50.63156509399414,51.36205655136561,50.441826442124544,50.669513548160815,16329500,,,,,135.79713439941406,137.05794024516067,135.26627182539872,135.59805370169818,4735800,,,,,555.0,566.0700073242188,550.1400146484375,557.8300170898438,1129500,,,,,13737.990234375,4468.830078125
2023-08-11,176.49639892578125,177.32036168980022,175.26543082107975,176.02983256684112,51988100,,,,,316.6751708984375,318.05625962756983,314.8994595848591,315.9352987108156,24342600,Redburn Partners,Buy,Buy,main,40.83271026611328,41.995077780865394,40.61682850581949,41.72822134358296,533085000,,,,,80.81248474121094,81.4591730557577,80.20086079558993,81.22640627869303,20331000,,,,,110.61663818359375,111.02756716319055,108.72834745246037,109.96111946222207,5286300,,,,,15.40999984741211,15.579999923706055,14.90999984741211,15.050000190734863,56489900,,,,,207.21519470214844,208.00950610874332,204.03796422599882,204.66348692060467,2930000,,,,,51.0300178527832,51.18180805413874,50.46080188347704,50.61259208483258,14342200,,,,,135.67388916015625,135.98672198140184,134.811244736028,135.67388916015625,2526000,,,,,557.4400024414062,558.5700073242188,550.010009765625,550.77001953125,801700,,,,,13644.849609375,4464.0498046875
2023-08-14,178.15426635742188,178.38258864969947,176.01990054114177,176.6751020557822,43675600,,,,,319.66424560546875,319.6839646920239,315.7576988733088,317.0500366268224,18836100,,,,,43.7291259765625,43.77610121709491,40.28900646052013,40.4639102150388,690286000,,,,,83.18302154541016,83.19080867330453,80.58068674883911,80.9459089914576,17688000,,,,,113.07240295410156,113.30721419604957,110.70470364779598,110.73405411997513,6494200,,,,,15.720000267028809,15.739999771118164,14.949999809265137,15.199999809265137,47511400,,,,,210.55130004882812,210.59102395358784,205.6464431769182,206.4208926671955,3304700,,,,,51.11540222167969,51.35257464747947,50.96361201392639,51.039505308321026,20707300,,,,,134.52687072753906,135.9109034008681,134.42259310434943,135.60755952017598,4226400,,,,,566.2100219726562,566.75,550.760009765625,551.9299926757812,770900,,,,,13788.330078125,4489.72021484375
2023-08-15,176.15887451171875,178.174103062697,175.76179096239193,177.57847773870674,43622600,,,,,317.513671875,320.7000656335948,316.5666438946888,318.63829206231935,16966300,,,,,43.91602325439453,45.24330157403039,43.68614920885437,44.535687703362775,676512000,Baird,Outperform,Outperform,main,82.05520629882812,83.23365578124374,81.4650118819174,82.70676149700071,14035000,,,,,114.75524139404297,115.50859760478532,112.35818397628664,112.95500183582287,10412200,,,,,15.369999885559082,15.869999885559082,15.289999961853027,15.609999656677246,44000400,,,,,207.2946319580078,210.8590872408164,206.3613171708144,208.83360750176945,4076400,,,,,50.612586975097656,50.97309002403292,50.451311485736106,50.86873359258086,20173400,,,,,134.48892211914062,134.90603254496136,133.85378195797531,134.13817674511853,3656600,,,,,559.5999755859375,573.97998046875,558.469970703125,567.489990234375,830700,Evercore ISI Group,Overweight,Overweight,main,13631.0498046875,4437.85986328125
2023-08-16,175.28530883789062,177.24096145960885,175.2158108770956,175.84123193317788,46964900,,,,,316.74261474609375,320.716745588524,316.1494577370067,317.1380426957456,20698900,,,,,43.46227264404297,44.65062306232533,43.38231446466475,44.49570885554983,527451000,Raymond James,Strong Buy,Strong Buy,main,81.12706756591797,83.2219759689674,81.02674884582443,82.568473923674,16003000,,,,,112.84736633300781,115.26398798590876,112.7788794121145,114.62804120526285,5722000,,,,,15.449999809265137,15.725000381469727,15.119999885559082,15.210000038146973,40394600,,,,,205.5173797607422,208.19816764150323,205.47765585571213,206.52018868440553,2759600,Mizuho,Buy,Buy,main,50.24260330200195,50.773870812070435,50.15722108822244,50.46080148855762,26470200,,,,,133.3229217529297,134.69747970594054,133.24708217736026,134.32777081561457,3285300,,,,,549.5,560.97998046875,548.27001953125,557.0,989200,,,,,13474.6298828125,4404.330078125
2023-08-17,172.73399353027344,176.218449670705,172.21777275650916,175.85114660071363,66062900,Wedbush,Outperform,Outperform,reit,313.26275634765625,318.19578484702873,312.60039125699797,316.88098033707746,21257200,,,,,43.32034683227539,44.03795349007865,42.97753170604989,43.94600464449855,452395000,Rosenblatt,Buy,Buy,main,80.55340576171875,81.75328460237621,80.54463781358878,81.46987182477169,19228000,,,,,112.39730072021484,114.25624090108889,111.88854183736679,113.23871567087875,6183900,,,,,14.149999618530273,15.437000274658203,14.03499984741211,15.390000343322754,91086700,,,,,202.3897705078125,205.45778297313365,201.94297507649298,205.100358748262,4062700,,,,,51.92177963256836,52.974825632289466,51.58025080898708,51.64665878924305,45278000,Evercore ISI Group,Outperform,Outperform,main,133.34188842773438,135.23783446720762,133.28501236093743,133.67367030569,3742100,,,,,543.6400146484375,552.0499877929688,540.7100219726562,550.4500122070312,990300,,,,,13316.9296875,4370.35986328125
2023-08-18,173.2204132080078,173.8259754434126,170.7088227434025,171.04634526208298,61114200,,,,,312.8673400878906,314.74564524442695,307.9935939126714,310.90003574711136,24744800,,,,,43.27537536621094,43.55422246965972,41.63726968400494,42.611736188017545,583768000,Wedbush,Outperform,Outperform,reit,80.43069458007812,80.65762097471948,79.08277854558173,79.8619222223762,17759000,,,,,113.94315338134766,114.46169822658287,111.48739551904015,112.02551231948074,9411600,,,,,14.399999618530273,14.600000381469727,13.680000305175781,13.880000114440918,70047000,,,,,203.3727569580078,204.03798848443046,198.7756918341044,199.54021797949295,4266200,,,,,52.215877532958984,52.6143254361008,51.81742601085347,51.826914933669435,28833600,,,,,134.05287170410156,134.4510186470301,132.48870750161007,132.71622623967812,3914700,,,,,541.5,543.4000244140625,532.5399780273438,533.9600219726562,837800,,,,,13290.7802734375,4369.7099609375
2023-08-21,174.56057739257812,174.84847582356457,172.47586616641206,173.7961908502,46311900,,,,,318.2057189941406,319.08554388527233,313.42097159988043,314.30079649101214,24040000,,,,,46.941375732421875,47.03932184051733,44.197874362477556,44.46972532960602,692573000,BMO Capital,Outperform,Outperform,main,84.25821685791016,84.4724817234358,81.0082284150724,81.2312537978839,30012000,,,,,114.07034301757812,114.81392057223087,112.70060471231507,114.3736486118983,5811200,,,,,14.5,14.779999732971191,14.34000015258789,14.420000076293945,43206200,,,,,207.5428466796875,207.93007140342888,202.76707003680036,204.53440494518208,4023300,,,,,52.59535217285156,52.927395717182335,52.32023492853194,52.367668686589546,18283200,Deutsche Bank,Hold,Hold,main,134.87759399414062,134.98187160019486,133.76846734697443,134.06233665542192,2937800,,,,,554.7000122070312,555.3099975585938,542.5499877929688,542.8599853515625,847500,,,,,13497.58984375,4399.77001953125
2023-08-22,175.94049072265625,176.38721354501158,174.96762533098521,175.77172944077836,42084200,,,,,318.779052734375,322.357724957099,317.7904679139887,321.7843590357293,16102000,,,,,45.6430778503418,48.16070421705832,45.308261577730654,48.108730641843266,755293000,,,,,83.34761047363281,85.19417025448918,82.86940802137066,85.06366899325761,17079000,,,,,114.02143096923828,115.13679359743999,113.22893843459867,114.97046929391314,4961100,,,,,14.670000076293945,15.130000114440918,14.630000114440918,14.760000228881836,52106900,,,,,205.2890167236328,208.61518947116667,204.53442913817727,208.35704467488148,3153600,,,,,52.61432647705078,52.95585532590859,52.44356205262188,52.63330070409441,15666000,,,,,134.1287078857422,135.77817168395939,133.94859069744942,135.23783458400146,3557500,,,,,561.8200073242188,564.25,556.2999877929688,559.6199951171875,889700,,,,,13505.8701171875,4387.5498046875
2023-08-23,179.8021697998047,180.22904900558675,177.03247644679308,177.2210964343875,52722800,,,,,323.2672424316406,325.44214114565574,319.76764365334907,320.1235498834675,21166400,,,,,47.09029769897461,47.174251508019,45.18333763432702,45.84097961779093,779046000,,,,,85.37239074707031,85.5291958430875,82.78369858973086,82.85869426968638,19692000,,,,,115.29335021972656,117.84694597494135,109.68718571953066,114.56934448720095,16517300,,,,,15.300000190734863,15.470000267028809,14.420000076293945,14.5,53523300,,,,,207.64215087890625,209.48891852750785,205.66630326635075,206.52018540818227,3833200,,,,,53.10763931274414,53.316352166852866,52.557401268680266,52.756625200894945,18250000,,,,,135.9488067626953,136.01515734867286,134.21401449610002,134.34673013297464,2559100,,,,,568.0,576.969970703125,562.0,564.469970703125,1138000,,,,,13721.0302734375,4436.009765625
2023-08-24,175.0966796875,179.78233860000068,174.72936147404116,179.355459364837,54945800,,,,,316.3174743652344,329.1789720519846,316.30757886325165,329.0504512030628,23281400,,,,,47.137264251708984,50.23857177595236,47.13326863032971,50.1885998204007,1156044000,Truist Securities,Buy,Buy,main,83.21808624267578,88.61363756846416,83.02330400063367,87.8822196240293,30934000,Susquehanna,Positive,Positive,main,110.46987915039062,117.14249023583125,109.98068476739788,117.09356781172642,11995900,,,,,14.140000343322754,15.710000038146973,13.875,15.699999809265137,93586200,,,,,204.0478973388672,210.48180640331918,203.97840323073098,209.50876768756666,3960300,,,,,52.405616760253906,53.581989874984835,52.37715361045492,53.43019967892395,17586400,,,,,136.08152770996094,136.9536611384451,135.76869488263725,136.04360068941983,2900200,,,,,549.5399780273438,575.8699951171875,549.469970703125,574.5999755859375,911400,,,,,13463.9697265625,4376.31005859375
2023-08-25,177.31044006347656,177.84650437604776,174.54074667761984,176.08939374478845,51449600,,,,,319.29315185546875,321.64595850158366,315.16084417438077,317.8003790491066,21684100,,,,,45.99289321899414,47.77891694569502,44.999432271074504,46.98635035429789,925341000,,,,,82.96095275878906,84.67701115378676,81.58284675986704,83.46739837269627,24181000,,,,,113.55180358886719,113.63986246384883,110.30355301854081,110.46988479028076,8758100,,,,,14.529999732971191,14.649999618530273,14.010000228881836,14.140000343322754,55668900,,,,,207.97972106933594,209.29032201449252,204.01810258125926,204.04788793340623,3068800,,,,,52.842010498046875,53.00328599005789,52.41509946189484,52.41509946189484,15731800,,,,,137.7878875732422,137.901639709617,136.03413165788652,136.6787463839048,3660100,,,,,563.6500244140625,567.0700073242188,551.4000244140625,554.4400024414062,680400,,,,,13590.650390625,4405.7099609375
2023-08-28,178.87893676757812,179.27602030133252,177.25087004275977,178.7796583102566,43820700,,,,,320.00494384765625,322.4269587484768,318.0475348868792,321.9425618021561,14808500,,,,,46.809444427490234,46.9543657684175,44.863508175320256,46.45663639493685,685192000,,,,,83.8628158569336,84.15986356355336,82.5022382382095,83.4060428707406,14306000,,,,,114.31494903564453,115.16615001778752,113.19958634980999,113.85511254881217,4514800,,,,,14.640000343322754,14.880000114440918,14.5,14.6899995803833,35964700,,,,,210.21371459960938,211.96118758668544,208.1485109874849,208.95274580057236,4086900,Citigroup,Neutral,Neutral,main,53.31635665893555,53.3922499456654,52.82303762881873,53.0222615778187,15189900,,,,,138.4230194091797,139.1055611160136,137.65516360522147,137.84475530935984,3561100,,,,,568.3099975585938,572.0,562.3400268554688,566.6199951171875,588100,,,,,13705.1298828125,4433.31005859375
2023-08-29,182.7803497314453,183.55467328918405,178.19396940518234,178.39251118833664,53003900,,,,,324.66119384765625,325.2246945215674,318.20573519575873,318.20573519575873,19284600,,,,,48.757381439208984,49.05422026588247,46.36568562252749,46.64053709400586,701397000,,,,,86.6725845336914,86.95599732921731,83.40896084126618,83.60179626860321,27822000,Piper Sandler,Overweight,Overweight,main,118.04261779785156,118.59051317241261,115.96843072134746,118.33612997800299,11920500,UBS,Buy,Neutral,up,15.399999618530273,15.630000114440918,14.5,14.600000381469727,47213200,,,,,210.45201110839844,210.94845384392,205.05071172188715,205.27907113816266,5850400,,,,,53.65788650512695,53.88556998855947,53.23097544998635,53.45865893341886,17859100,,,,,138.8306427001953,139.0960739825107,138.04382337586043,138.68845253642635,2778100,,,,,578.8699951171875,580.9000244140625,563.0,565.1599731445312,784200,,,,,13943.759765625,4497.6298828125
2023-08-30,186.28468322753906,186.48324017846022,183.39586742396716,183.59440922711968,60813900,,,,,325.0368347167969,326.0451804445671,322.72354969246516,324.91820935696705,15222100,,,,,49.23712158203125,49.89975805077244,48.398578637523045,49.01724039363048,735206000,,,,,86.9014663696289,87.52770602107432,85.618811945422,86.9121811012068,23234000,,,,,118.50245666503906,119.10905295665879,117.5534183145206,118.11109964380788,5601800,,,,,16.329999923706055,16.350000381469727,15.329999923706055,15.460000038146973,65674100,,,,,213.51010131835938,214.0561913991471,207.94001279478675,210.26337648848082,9946000,JMP Securities,Market Outperform,Market Outperform,reit,53.89505386352539,53.989921369576194,53.63890725443217,53.72428945746324,12145400,,,,,139.2193145751953,139.27619064048807,138.16706397251963,138.80220414315522,2245400,,,,,588.239990234375,588.7000122070312,576.5599975585938,578.4199829101562,855600,,,,,14019.3095703125,4514.8701171875
2023-08-31,186.50306701660156,187.7439721096439,186.11590523348306,186.47328650618994,60794500,,,,,324.01861572265625,327.1326523087655,323.0497916021966,325.44218047674366,26411000,,,,,49.32807540893555,49.71686314070137,48.93129262084642,49.35306329598512,528570000,,,,,89.88265991210938,89.95862156452411,87.04658484442257,87.45953298420044,55203000,,,,,117.7882308959961,119.34387302053818,117.52406919572297,118.38504868072121,9109800,,,,,14.979999542236328,15.850000381469727,14.649999618530273,15.600000381469727,101517200,Morgan Stanley,Underweight,Equal-Weight,down,219.8844451904297,227.16228309268513,219.62628524585597,226.3779101578016,19268400,Truist Securities,Buy,Buy,main,54.40735626220703,54.578120708441915,53.97095984136865,54.17018382232127,22619700,,,,,139.19088745117188,140.04405742726735,138.9159671608177,139.2951650673543,3885900,,,,,588.8300170898438,596.4600219726562,584.510009765625,590.0,1331300,,,,,14034.9697265625,4507.66015625
2023-09-01,188.0814971923828,188.538141753245,186.91007498628073,188.11127770079705,45732600,,,,,324.9083251953125,328.20029972236824,323.0497807085255,327.52806921372286,14931200,,,,,48.48253631591797,49.772832417582066,48.11573594167944,49.73485494683887,463830000,,,,,84.97698211669922,87.835452274284,84.21148075309083,87.835452274284,65017000,Piper Sandler,Overweight,Overweight,main,118.31656646728516,119.06014409930094,117.49471593410672,118.3948393684478,6189900,,,,,15.180000305175781,15.364999771118164,14.829999923706055,15.15999984741211,45107800,,,,,219.9539337158203,222.3765768712432,218.95112476879703,221.90991945276923,5597100,Northland Capital Markets,Market Perform,Market Perform,main,54.8722038269043,55.20424372248544,54.445292804754665,54.445292804754665,14078200,,,,,140.2431182861328,140.3947974272786,139.27618184247717,139.5984891687227,2727500,,,,,590.8800048828125,596.6199951171875,587.5,593.510009765625,726700,,,,,14031.8095703125,4515.77001953125
2023-09-05,188.3197479248047,188.5977094450193,186.24495831042893,186.91008160149724,45280000,,,,,329.7425231933594,331.02770182806336,324.9083581065782,325.2444733949473,18553900,,,,,48.52151107788086,48.82434715495617,47.83388674600478,48.19668764519063,382653000,,,,,84.94290161132812,85.99766358402648,84.43937613366397,84.68383100992271,24808000,Baird,Outperform,Outperform,main,121.3006591796875,121.59417137115592,118.56116727222609,119.79393937703522,11089600,Barclays,Overweight,Equal-Weight,up,15.210000038146973,15.420000076293945,14.899999618530273,15.079999923706055,33818400,,,,,217.13414001464844,218.75254828433603,216.06182181910984,217.7695861508679,5807300,,,,,54.321964263916016,54.85323173648628,54.29350473431954,54.85323173648628,13885000,,,,,140.42324829101562,141.24798019087237,139.89238571341033,140.21469306911064,3731300,,,,,597.1599731445312,599.6300048828125,584.5,590.8800048828125,718300,,,,,14020.9501953125,4496.830078125
2023-09-06,181.57916259765625,187.47594597496703,180.14963751857883,187.02920802693,81755800,,,,,329.0801086425781,330.64205933119945,326.41091765065016,329.5744010359564,17535800,,,,,47.0391960144043,48.52650554110728,46.55841988311631,48.41855768556727,468670000,,,,,84.95263671875,85.44934103631887,84.41406172890713,84.97503957179457,20142000,,,,,121.64307403564453,121.8876712210466,120.07765354197397,120.4005161536743,8728500,,,,,15.300000190734863,15.619999885559082,15.079999923706055,15.170000076293945,38738100,,,,,220.04327392578125,220.6290878696852,217.46178078321455,217.90857621652128,5066700,,,,,54.22710037231445,54.5211954673089,54.14171815886211,54.17017769035829,11380400,,,,,140.35687255859375,140.61282930508145,139.46577567186705,139.97768916484247,2932200,,,,,598.510009765625,599.3800048828125,591.6099853515625,593.1400146484375,669000,,,,,13872.4697265625,4465.47998046875
2023-09-07,176.26809692382812,176.9133767073295,172.27734161590178,173.90540860928058,112488800,Wedbush,Outperform,Outperform,reit,326.1440124511719,329.2778093480337,325.27405300686524,327.50826429163334,18381000,,,,,46.21957778930664,46.32253071023721,45.13108161869616,45.50390990685552,433330000,,,,,83.4683837890625,83.92222920865312,81.86043099351232,83.70893768833764,27789000,,,,,122.38665771484375,123.23785870192586,119.94068558881827,121.15389313777739,11864400,Jefferies,Buy,Buy,main,15.210000038146973,15.239999771118164,14.289999961853027,14.880000114440918,51798800,,,,,220.94680786132812,221.1453819301661,217.7497153572764,218.20644935081106,4201900,,,,,53.8760871887207,54.16069336572121,53.75275651840039,54.04685161871378,14762000,,,,,139.84498596191406,141.0394267768365,139.7312193617401,140.42325009098647,3332900,,,,,599.3200073242188,601.469970703125,589.3599853515625,591.27001953125,1040000,,,,,13748.830078125,4451.14013671875
2023-09-08,176.88357543945312,178.9285998393183,176.4964136407334,177.05235186894313,65551300,JP Morgan,Overweight,Overweight,main,330.4542541503906,332.32269403883413,325.699163331797,326.3219766279449,19530100,,,,,45.55088806152344,46.584409473307375,45.250028806839694,45.92071940996517,473069000,,,,,83.51901245117188,83.83846299803199,82.79538919669388,83.27066402291301,16810000,Truist Securities,Buy,Buy,main,123.59007263183594,123.95207917422454,121.66264550596745,122.10292494365858,10595500,,,,,15.130000114440918,15.609999656677246,15.085000038146973,15.119999885559082,33862000,,,,,223.16094970703125,223.8659051102943,221.27447323105804,221.73120724799668,4578900,,,,,53.762237548828125,54.141714833970866,53.65788473342929,53.847619757037066,13992000,,,,,139.99664306640625,140.85930195177835,139.59849614967754,139.6838247114135,3722800,,,,,600.0700073242188,604.5800170898438,597.0999755859375,600.0,728100,,,,,13761.5302734375,4457.490234375
2023-09-11,178.05499267578125,178.98815574028976,176.04968578063105,178.75983344187836,58953100,,,,,334.0823974609375,334.556929093658,331.60103960424,333.3903759343724,16583300,,,,,45.15707015991211,46.14161060053682,44.29147025437245,46.12661816019719,473966000,,,,,83.67386627197266,84.63415721226802,82.36004126133896,84.61175436180731,15710000,,,,,123.9716567993164,124.66631202356112,122.02466497561556,124.27495497010236,22155600,Citigroup,Neutral,Neutral,main,15.789999961853027,16.100000381469727,15.359999656677246,15.40999984741211,55294700,,,,,223.70703125,225.2162214633243,221.20495552926798,224.4020480751393,4418000,,,,,53.923519134521484,54.04684980069322,53.54404183197635,53.80967739134345,15842300,,,,,140.6602325439453,141.03941594227507,139.90185128236635,140.84034972087375,3273600,,,,,605.9400024414062,607.9000244140625,600.7899780273438,603.5,960400,,,,,13917.8896484375,4487.4599609375
2023-09-12,175.0172576904297,178.81939272059032,173.5480302988034,178.18404991763566,90370200,Wedbush,Outperform,,reit,327.98272705078125,332.94544143191746,327.6960592166117,331.9865130895601,17565500,,,,,44.849212646484375,45.65184205526837,44.51036898860746,44.71727382674797,349256000,,,,,82.24999237060547,83.58914046479721,81.97144653538393,82.8070766105837,16680000,,,,,107.2412109375,110.85146846852099,104.98113490368172,109.65783278268125,68605700,DA Davidson,Neutral,Neutral,main,15.59000015258789,16.149999618530273,15.430000305175781,15.460000038146973,39497900,,,,,220.0830078125,223.190729185306,219.6858445146986,221.86026622569037,4002300,,,,,53.496604919433594,53.942490180787615,53.449171164153356,53.7432662372325,13916100,,,,,138.68844604492188,140.2999971735258,138.21445956798428,140.22415760142547,4457700,,,,,588.8400268554688,603.510009765625,588.6900024414062,598.0,929400,,,,,13773.6103515625,4461.89990234375
2023-09-13,172.94244384765625,176.0099571796133,172.71410643559972,175.2256967861003,84267900,B of A Securities,Neutral,Neutral,main,332.223876953125,333.00486756053664,327.3897119290355,327.52809814281835,16544400,,,,,45.463932037353516,45.908725609094766,44.48238464078705,44.57933983256991,398355000,,,,,83.0690689086914,83.67095891660325,82.22273144228686,82.51003782656792,17413000,,,,,109.4229965209961,110.49923014026783,105.8616619931713,105.97907133286839,27171000,Citigroup,Neutral,Neutral,main,15.600000381469727,15.850000381469727,15.420000076293945,15.630000114440918,34354400,,,,,217.2433624267578,220.28158980049932,216.74691964934303,219.60641974509497,4173600,Truist Securities,Buy,Buy,reit,53.392250061035156,53.629422463394356,53.20251503431872,53.4301985139639,13092200,B of A Securities,Neutral,Neutral,main,138.92544555664062,139.33306700205202,138.32821793995697,138.35665597266382,2627800,,,,,591.3800048828125,592.8400268554688,583.5499877929688,586.0499877929688,638700,,,,,13813.58984375,4467.43994140625
2023-09-14,174.46133422851562,174.81871550108795,172.3170465930817,172.73398888645488,60895800,Keybanc,Overweight,Overweight,reit,334.8337097167969,336.9690265009899,332.7280191029121,335.27855480966366,20267000,Bernstein,Outperform,Outperform,reit,45.55988311767578,45.96569324434591,45.11009084488952,45.92871163748155,370097000,,,,,84.89128875732422,85.38117193880738,83.2706744386753,83.66316650456898,19648000,Keybanc,Overweight,Overweight,reit,111.20368957519531,112.65170101418083,109.5306379329862,111.04714376313463,19849700,DZ Bank,Buy,Hold,up,15.829999923706055,16.040000915527344,15.470000267028809,15.6899995803833,38572500,,,,,217.22348022460938,219.0007536862112,216.7866081971714,217.85892631445648,4297200,,,,,53.47763442993164,53.57250556608417,53.20251718249882,53.525068188526,15760300,,,,,139.683837890625,140.04405782169798,138.85909148216066,139.7122759255802,2723100,,,,,590.1099853515625,594.97998046875,585.4199829101562,593.4500122070312,668100,,,,,13926.0498046875,4505.10009765625
2023-09-15,173.7366485595703,175.2158130007049,172.55531954165141,175.1959542762702,109205100,Credit Suisse,Outperform,Outperform,reit,326.45050048828125,333.54853269059,325.88699986571044,333.07403125618623,37666900,HSBC,Hold,,init,43.879661560058594,45.577871869694,43.78770131863037,45.31999198709531,506831000,,,,,82.94731140136719,84.5523436677255,82.09220615827422,84.5523436677255,50190000,,,,,111.44827270507812,112.71038769865768,110.06874090279625,111.72222037700281,23209500,HSBC,Buy,,init,15.329999923706055,15.899999618530273,15.170000076293945,15.770000457763672,56161900,HSBC,Hold,,init,213.08316040039062,217.63057786474545,211.9413481213396,217.31284722869924,9930200,RBC Capital,Outperform,Outperform,reit,53.16456604003906,53.49660595237547,52.6902212401507,53.42071266625441,43939000,,,,,138.39459228515625,140.15782275596953,137.95851831283858,139.45631748395274,6231400,,,,,579.5800170898438,589.2999877929688,576.5,588.5800170898438,1709800,HSBC,Buy,,init,13708.330078125,4450.31982421875
2023-09-18,176.6750946044922,178.0748391046168,174.88818834345716,175.1959303652364,67257600,Wedbush,Outperform,Outperform,reit,325.3037414550781,326.6284415872305,322.63455018467687,324.058114839662,16834200,,,,,43.94562911987305,44.22150221868088,41.980540410534175,42.72819494263605,500271000,,,,,82.78369903564453,83.40019726250938,81.80977316463695,82.06104918987394,16541000,Susquehanna,Positive,Positive,reit,109.78501892089844,111.99617995210521,109.16863659355755,110.96886860868872,11744100,,,,,15.460000038146973,15.630000114440918,15.069999694824219,15.180000305175781,37404100,Wedbush,Outperform,Outperform,reit,213.4703826904297,214.8405695297257,212.6562093075928,213.0335106460031,4279400,,,,,53.23097610473633,53.39225160590443,52.965344164476505,53.13610496966942,11825000,,,,,137.54139709472656,138.85907896693388,137.51295906233446,138.18602624709408,2508100,,,,,578.510009765625,584.4000244140625,576.6699829101562,577.239990234375,661000,,,,,13710.240234375,4453.52978515625
2023-09-19,177.76710510253906,178.32302815377042,175.84121799808253,176.22837977645918,51826900,Evercore ISI Group,Outperform,Outperform,main,324.89837646484375,325.6299497048408,320.8056512322667,322.446705559853,16505900,,,,,43.49983596801758,43.94562846497067,42.98207442166159,43.81269066855042,373064000,,,,,82.70578002929688,82.88400714913413,81.66367968426991,82.39315066883523,13126000,,,,,110.33290100097656,111.28193932535825,109.29581126811284,110.04917481952504,9536100,Mizuho,Buy,Buy,main,15.149999618530273,15.519000053405762,14.949999809265137,15.34000015258789,37804800,,,,,214.16542053222656,214.5228599536388,210.74989164989452,212.86474282243626,4001500,,,,,52.97482681274414,53.3258409474851,52.614323755490304,53.29738141787365,10748500,,,,,138.89698791503906,139.0865795946256,137.13375781154033,137.4560651133292,3945400,,,,,572.3300170898438,579.3499755859375,566.5499877929688,579.3499755859375,829700,,,,,13678.1904296875,4443.9501953125
2023-09-20,174.21315002441406,178.3925098170354,174.1237933470795,177.95570880879336,58436200,,,,,317.10833740234375,325.82766263304757,316.85132586781475,325.74858912301113,21436500,Bernstein,Outperform,Outperform,main,42.21943283081055,43.88266351133672,42.203441401322486,43.579802461208814,367108000,,,,,81.33192443847656,83.23359086007571,81.31038573644126,83.23359086007571,13681000,,,,,110.43074798583984,112.22119384019862,110.0296049896327,110.37203958120328,8777100,,,,,14.739999771118164,15.425000190734863,14.732999801635742,15.25,37640500,,,,,211.51441955566406,215.63488876283822,211.40520153293204,213.6689795038939,2990900,,,,,52.65227127075195,53.174049811804544,52.59534859357833,53.07918230214535,12219900,,,,,142.0347900390625,144.0255245719968,140.4232389033768,140.64126863354878,9632400,RBC Capital,Outperform,,init,570.5499877929688,583.4400024414062,569.77001953125,575.0,776800,,,,,13469.1298828125,4402.2001953125
2023-09-21,172.6644744873047,175.0172406192522,172.5949916855764,173.27997365508898,63047900,JP Morgan,Overweight,Overweight,reit,315.88250732421875,321.6360782353787,311.40421928226147,315.6156002828941,35529500,Wedbush,Outperform,Outperform,reit,40.99799346923828,42.080491854886056,40.96101186346446,41.563733109931555,450736000,,,,,79.15705871582031,80.54169178778285,77.85762417815582,77.85958156293187,53654000,Truist Securities,Buy,Buy,reit,107.06509399414062,110.06874751668194,106.96725660036206,109.10014462859924,12645800,Berenberg,Hold,Hold,main,14.0,14.598999977111816,13.680000305175781,14.34000015258789,72831500,,,,,207.1258544921875,210.3825178731735,206.58970296309943,208.30739071673526,4957300,JMP Securities,Market Outperform,Market Outperform,reit,50.60309982299805,51.32410227556346,50.13824035959422,50.66950780077526,37436100,,,,,139.7122344970703,141.48493898658785,139.64586945857315,141.24794578895538,4944600,,,,,549.530029296875,564.9000244140625,549.02001953125,563.1199951171875,1070100,,,,,13223.98046875,4330.0
